{"version": {"json_export": "218", "page_segmentation": "55", "schema": "1.1.0", "structure": "1.1136.0", "table_structure": "5"}, "extended_metadata": {"ID_instance": "BE 16 9B 6A 27 BC B2 11 0A 00 4A 94 E8 2A EC 58 ", "ID_permanent": "BE 16 9B 6A 27 BC B2 11 0A 00 4A 94 E8 2A EC 58 ", "has_acroform": false, "has_embedded_files": false, "is_XFA": false, "is_certified": false, "is_encrypted": false, "is_digitally_signed": false, "language": "en_GB", "page_count": 1, "pdf_version": "1.6", "pdfa_compliance_level": "", "pdfua_compliance_level": ""}, "elements": [{"Bounds": [72.0, 756.1071014404297, 137.69090270996094, 770.7480926513672], "Font": {"alt_family_name": "Arial", "embedded": true, "encoding": "Identity-H", "family_name": "Arial MT", "font_type": "CIDFontType2", "italic": false, "monospaced": false, "name": "AAAAAA+ArialMT", "subset": true, "weight": 400}, "HasClip": false, "Lang": "en", "ObjectID": 21, "Page": 0, "Path": "//Document/Sect/P", "Text": "Not Smoking ", "TextSize": 11.0, "attributes": {"LineHeight": 13.25}}], "pages": [{"boxes": {"CropBox": [0.0, 0.0, 596.0, 842.0], "MediaBox": [0.0, 0.0, 596.0, 842.0]}, "height": 842.0, "is_scanned": false, "page_number": 0, "rotation": 0, "width": 596.0}]}