{"version": {"json_export": "218", "page_segmentation": "55", "schema": "1.1.0", "structure": "1.1136.0", "table_structure": "5"}, "extended_metadata": {"ID_instance": "4D 6D 3C 75 27 BC B2 11 0A 00 29 A5 C6 70 D1 ED ", "ID_permanent": "4D 6D 3C 75 27 BC B2 11 0A 00 29 A5 C6 70 D1 ED ", "has_acroform": false, "has_embedded_files": false, "is_XFA": false, "is_certified": false, "is_encrypted": false, "is_digitally_signed": false, "language": "en", "page_count": 1, "pdf_version": "1.6", "pdfa_compliance_level": "", "pdfua_compliance_level": ""}, "elements": [{"Bounds": [265.63999938964844, 548.197998046875, 574.4799652099609, 564.8580017089844], "Font": {"alt_family_name": "Helvetica", "embedded": false, "encoding": "WinAnsiEncoding", "family_name": "Helvetica", "font_type": "Type1", "italic": false, "monospaced": false, "name": "Helvetica-Bold", "subset": false, "weight": 700}, "HasClip": false, "Lang": "en", "ObjectID": 22, "Page": 0, "Path": "//Document/Sect/Title", "Text": "International Airports in United Arab Emirates ", "TextSize": 14.0, "attributes": {"LineHeight": 16.75, "SpaceAfter": 18, "TextAlign": "Center"}}, {"Bounds": [35.02000427246094, 311.3350067138672, 710.1800537109375, 522.5299987792969], "ObjectID": 99, "Page": 0, "Path": "//Document/Sect/Table", "attributes": {"BBox": [27.598899999999958, 305.85199999999895, 836.6059999999998, 527.9629999999888], "NumCol": 6, "NumRow": 11, "Placement": "Block", "SpaceAfter": 18}}, {"Bounds": [35.02000427246094, 510.6300048828125, 52.80000305175781, 522.5299987792969], "ObjectID": 351, "Page": 0, "Path": "//Document/Sect/Table/TR/TH", "attributes": {"BBox": [27.598899999999958, 504.32399999999325, 56.877699999999095, 527.9629999999888], "BlockAlign": "Middle", "BorderColor": [0, 0, 0], "BorderStyle": "Solid", "BorderThickness": [0.5, 0.25, 0.5, 0.25], "ColIndex": 0, "Height": 23.625, "InlineAlign": "Center", "RowIndex": 0, "Width": 29.25}}, {"Bounds": [35.02000427246094, 510.6300048828125, 52.80000305175781, 522.5299987792969], "Font": {"alt_family_name": "Helvetica", "embedded": false, "encoding": "WinAnsiEncoding", "family_name": "Helvetica", "font_type": "Type1", "italic": false, "monospaced": false, "name": "Helvetica-Bold", "subset": false, "weight": 700}, "HasClip": false, "Lang": "en", "ObjectID": 23, "Page": 0, "Path": "//Document/Sect/Table/TR/TH/P", "Text": "NO ", "TextSize": 10.0, "attributes": {"LineHeight": 12}}, {"Bounds": [110.21000671386719, 510.6300048828125, 190.2100067138672, 522.5299987792969], "ObjectID": 352, "Page": 0, "Path": "//Document/Sect/Table/TR/TH[2]", "attributes": {"BBox": [56.27769999999873, 504.32399999999325, 241.18999999999505, 527.9629999999888], "BlockAlign": "Middle", "BorderColor": [0, 0, 0], "BorderStyle": "Solid", "BorderThickness": [0.5, 0.25, 0.25, 0.25], "ColIndex": 1, "Height": 23.625, "InlineAlign": "Center", "RowIndex": 0, "Width": 184.875}}, {"Bounds": [110.21000671386719, 510.6300048828125, 190.2100067138672, 522.5299987792969], "Font": {"alt_family_name": "Helvetica", "embedded": false, "encoding": "WinAnsiEncoding", "family_name": "Helvetica", "font_type": "Type1", "italic": false, "monospaced": false, "name": "Helvetica-Bold", "subset": false, "weight": 700}, "HasClip": false, "Lang": "en", "ObjectID": 24, "Page": 0, "Path": "//Document/Sect/Table/TR/TH[2]/P", "Text": "AIRPORT NAME ", "TextSize": 10.0, "attributes": {"LineHeight": 12}}, {"Bounds": [273.5, 510.6300048828125, 299.05999755859375, 522.5299987792969], "ObjectID": 353, "Page": 0, "Path": "//Document/Sect/Table/TR/TH[3]", "attributes": {"BBox": [240.5899999999965, 504.32399999999325, 329.0269999999873, 527.9629999999888], "BlockAlign": "Middle", "BorderColor": [0, 0, 0], "BorderStyle": "Solid", "BorderThickness": [0.5, 0.25, 0.25, 0.25], "ColIndex": 2, "Height": 23.625, "InlineAlign": "Center", "RowIndex": 0, "Width": 88.375}}, {"Bounds": [273.5, 510.6300048828125, 299.05999755859375, 522.5299987792969], "Font": {"alt_family_name": "Helvetica", "embedded": false, "encoding": "WinAnsiEncoding", "family_name": "Helvetica", "font_type": "Type1", "italic": false, "monospaced": false, "name": "Helvetica-Bold", "subset": false, "weight": 700}, "HasClip": false, "Lang": "en", "ObjectID": 25, "Page": 0, "Path": "//Document/Sect/Table/TR/TH[3]/P", "Text": "CITY ", "TextSize": 10.0, "attributes": {"LineHeight": 12}}, {"Bounds": [345.5, 510.6300048828125, 371.60992431640625, 522.5299987792969], "ObjectID": 354, "Page": 0, "Path": "//Document/Sect/Table/TR/TH[4]", "attributes": {"BBox": [328.42699999999604, 504.32399999999325, 385.78399999999965, 527.9629999999888], "BlockAlign": "Middle", "BorderColor": [0, 0, 0], "BorderStyle": "Solid", "BorderThickness": [0.5, 0.25, 0.25, 0.25], "ColIndex": 3, "Height": 23.625, "InlineAlign": "Center", "RowIndex": 0, "Width": 57.375}}, {"Bounds": [345.5, 510.6300048828125, 371.60992431640625, 522.5299987792969], "Font": {"alt_family_name": "Helvetica", "embedded": false, "encoding": "WinAnsiEncoding", "family_name": "Helvetica", "font_type": "Type1", "italic": false, "monospaced": false, "name": "Helvetica-Bold", "subset": false, "weight": 700}, "HasClip": false, "Lang": "en", "ObjectID": 26, "Page": 0, "Path": "//Document/Sect/Table/TR/TH[4]/P", "Text": "IATA ", "TextSize": 10.0, "attributes": {"LineHeight": 12}}, {"Bounds": [401.36000061035156, 510.6300048828125, 429.13999938964844, 522.5299987792969], "ObjectID": 355, "Page": 0, "Path": "//Document/Sect/Table/TR/TH[5]", "attributes": {"BBox": [385.18399999999383, 504.32399999999325, 442.4219999999914, 527.9629999999888], "BlockAlign": "Middle", "BorderColor": [0, 0, 0], "BorderStyle": "Solid", "BorderThickness": [0.5, 0.25, 0.25, 0.25], "ColIndex": 4, "Height": 23.625, "InlineAlign": "Center", "RowIndex": 0, "Width": 57.25}}, {"Bounds": [401.36000061035156, 510.6300048828125, 429.13999938964844, 522.5299987792969], "Font": {"alt_family_name": "Helvetica", "embedded": false, "encoding": "WinAnsiEncoding", "family_name": "Helvetica", "font_type": "Type1", "italic": false, "monospaced": false, "name": "Helvetica-Bold", "subset": false, "weight": 700}, "HasClip": false, "Lang": "en", "ObjectID": 27, "Page": 0, "Path": "//Document/Sect/Table/TR/TH[5]/P", "Text": "ICAO ", "TextSize": 10.0, "attributes": {"LineHeight": 12}}, {"Bounds": [605.0500030517578, 510.6300048828125, 676.1699981689453, 522.5299987792969], "ObjectID": 356, "Page": 0, "Path": "//Document/Sect/Table/TR/TH[6]", "attributes": {"BBox": [441.82199999998556, 504.32399999999325, 837.0859999999811, 527.9629999999888], "BlockAlign": "Middle", "BorderColor": [0, 0, 0], "BorderStyle": "Solid", "BorderThickness": [0.5, 0.25, 0.25, 0.5], "ColIndex": 5, "Height": 23.625, "InlineAlign": "Center", "RowIndex": 0, "Width": 395.25}}, {"Bounds": [605.0500030517578, 510.6300048828125, 676.1699981689453, 522.5299987792969], "Font": {"alt_family_name": "Helvetica", "embedded": false, "encoding": "WinAnsiEncoding", "family_name": "Helvetica", "font_type": "Type1", "italic": false, "monospaced": false, "name": "Helvetica-Bold", "subset": false, "weight": 700}, "HasClip": false, "Lang": "en", "ObjectID": 28, "Page": 0, "Path": "//Document/Sect/Table/TR/TH[6]/P", "Text": "DESCRIPTION ", "TextSize": 10.0, "attributes": {"LineHeight": 12}}, {"Bounds": [40.02000427246094, 489.9250030517578, 47.5260009765625, 500.32899475097656], "ObjectID": 327, "Page": 0, "Path": "//Document/Sect/Table/TR[2]/TH", "attributes": {"BBox": [27.598899999999958, 484.5249999999942, 56.877699999999095, 504.92399999999907], "BlockAlign": "Middle", "BorderColor": [0, 0, 0], "BorderStyle": "Solid", "BorderThickness": [0.25, 0.25, 0.5, 0.25], "ColIndex": 0, "Height": 20.375, "InlineAlign": "Center", "RowIndex": 1, "Width": 29.25}}, {"Bounds": [40.02000427246094, 489.9250030517578, 47.5260009765625, 500.32899475097656], "Font": {"alt_family_name": "Helvetica", "embedded": false, "encoding": "WinAnsiEncoding", "family_name": "Helvetica", "font_type": "Type1", "italic": false, "monospaced": false, "name": "Helvetica", "subset": false, "weight": 400}, "HasClip": false, "Lang": "en", "ObjectID": 29, "Page": 0, "Path": "//Document/Sect/Table/TR[2]/TH/P", "Text": "1 ", "TextSize": 9.0, "attributes": {"LineHeight": 10.75}}, {"Bounds": [59.529998779296875, 489.9250030517578, 85.53999328613281, 500.32899475097656], "ObjectID": 328, "Page": 0, "Path": "//Document/Sect/Table/TR[2]/TD", "attributes": {"BBox": [56.27769999999873, 484.5249999999942, 241.18999999999505, 504.92399999999907], "BlockAlign": "Middle", "BorderColor": [0, 0, 0], "BorderStyle": "Solid", "BorderThickness": 0.25, "ColIndex": 1, "Height": 20.375, "InlineAlign": "Start", "RowIndex": 1, "Width": 184.875}}, {"Bounds": [59.529998779296875, 489.9250030517578, 85.53999328613281, 500.32899475097656], "Font": {"alt_family_name": "Helvetica", "embedded": false, "encoding": "WinAnsiEncoding", "family_name": "Helvetica", "font_type": "Type1", "italic": false, "monospaced": false, "name": "Helvetica", "subset": false, "weight": 400}, "HasClip": false, "Lang": "en", "ObjectID": 30, "Page": 0, "Path": "//Document/Sect/Table/TR[2]/TD/P", "Text": "Dubai ", "TextSize": 9.0, "attributes": {"LineHeight": 10.75}}, {"Bounds": [243.77999877929688, 489.9250030517578, 269.7899932861328, 500.32899475097656], "ObjectID": 329, "Page": 0, "Path": "//Document/Sect/Table/TR[2]/TD[2]", "attributes": {"BBox": [240.5899999999965, 484.5249999999942, 329.0269999999873, 504.92399999999907], "BlockAlign": "Middle", "BorderColor": [0, 0, 0], "BorderStyle": "Solid", "BorderThickness": 0.25, "ColIndex": 2, "Height": 20.375, "InlineAlign": "Start", "RowIndex": 1, "Width": 88.375}}, {"Bounds": [243.77999877929688, 489.9250030517578, 269.7899932861328, 500.32899475097656], "Font": {"alt_family_name": "Helvetica", "embedded": false, "encoding": "WinAnsiEncoding", "family_name": "Helvetica", "font_type": "Type1", "italic": false, "monospaced": false, "name": "Helvetica", "subset": false, "weight": 400}, "HasClip": false, "Lang": "en", "ObjectID": 31, "Page": 0, "Path": "//Document/Sect/Table/TR[2]/TD[2]/P", "Text": "Dubai ", "TextSize": 9.0, "attributes": {"LineHeight": 10.75}}, {"Bounds": [347.9199981689453, 489.9250030517578, 368.9259948730469, 500.32899475097656], "ObjectID": 330, "Page": 0, "Path": "//Document/Sect/Table/TR[2]/TD[3]", "attributes": {"BBox": [328.42699999999604, 484.5249999999942, 385.78399999999965, 504.92399999999907], "BlockAlign": "Middle", "BorderColor": [0, 0, 0], "BorderStyle": "Solid", "BorderThickness": 0.25, "ColIndex": 3, "Height": 20.375, "InlineAlign": "Center", "RowIndex": 1, "Width": 57.375}}, {"Bounds": [347.9199981689453, 489.9250030517578, 368.9259948730469, 500.32899475097656], "Font": {"alt_family_name": "Helvetica", "embedded": false, "encoding": "WinAnsiEncoding", "family_name": "Helvetica", "font_type": "Type1", "italic": false, "monospaced": false, "name": "Helvetica", "subset": false, "weight": 400}, "HasClip": false, "Lang": "en", "ObjectID": 32, "Page": 0, "Path": "//Document/Sect/Table/TR[2]/TD[3]/P", "Text": "DXB ", "TextSize": 9.0, "attributes": {"LineHeight": 10.75}}, {"Bounds": [400.36000061035156, 489.9250030517578, 429.86199951171875, 500.32899475097656], "ObjectID": 331, "Page": 0, "Path": "//Document/Sect/Table/TR[2]/TD[4]", "attributes": {"BBox": [385.18399999999383, 484.5249999999942, 442.4219999999914, 504.92399999999907], "BlockAlign": "Middle", "BorderColor": [0, 0, 0], "BorderStyle": "Solid", "BorderThickness": 0.25, "ColIndex": 4, "Height": 20.375, "InlineAlign": "Center", "RowIndex": 1, "Width": 57.25}}, {"Bounds": [400.36000061035156, 489.9250030517578, 429.86199951171875, 500.32899475097656], "Font": {"alt_family_name": "Helvetica", "embedded": false, "encoding": "WinAnsiEncoding", "family_name": "Helvetica", "font_type": "Type1", "italic": false, "monospaced": false, "name": "Helvetica", "subset": false, "weight": 400}, "HasClip": false, "Lang": "en", "ObjectID": 33, "Page": 0, "Path": "//Document/Sect/Table/TR[2]/TD[4]/P", "Text": "OMDB ", "TextSize": 9.0, "attributes": {"LineHeight": 10.75}}, {"Bounds": [445.0399932861328, 489.9250030517578, 704.8790130615234, 500.32899475097656], "ObjectID": 332, "Page": 0, "Path": "//Document/Sect/Table/TR[2]/TD[5]", "attributes": {"BBox": [441.82199999998556, 484.5249999999942, 837.0859999999811, 504.92399999999907], "BlockAlign": "Middle", "BorderColor": [0, 0, 0], "BorderStyle": "Solid", "BorderThickness": [0.25, 0.25, 0.25, 0.5], "ColIndex": 5, "Height": 20.375, "InlineAlign": "Start", "RowIndex": 1, "Width": 395.25}}, {"Bounds": [445.0399932861328, 489.9250030517578, 704.8790130615234, 500.32899475097656], "Font": {"alt_family_name": "Helvetica", "embedded": false, "encoding": "WinAnsiEncoding", "family_name": "Helvetica", "font_type": "Type1", "italic": false, "monospaced": false, "name": "Helvetica", "subset": false, "weight": 400}, "HasClip": false, "Lang": "en", "ObjectID": 34, "Page": 0, "Path": "//Document/Sect/Table/TR[2]/TD[5]/P", "Text": "One of the world's busiest airports and a major international hub. ", "TextSize": 9.0, "attributes": {"LineHeight": 10.75}}, {"Bounds": [40.02000427246094, 470.0749969482422, 47.5260009765625, 480.47900390625], "ObjectID": 303, "Page": 0, "Path": "//Document/Sect/Table/TR[3]/TH", "attributes": {"BBox": [27.598899999999958, 464.6049999999959, 56.877699999999095, 485.125], "BlockAlign": "Middle", "BorderColor": [0, 0, 0], "BorderStyle": "Solid", "BorderThickness": [0.25, 0.25, 0.5, 0.25], "ColIndex": 0, "Height": 20.5, "InlineAlign": "Center", "RowIndex": 2, "Width": 29.25}}, {"Bounds": [40.02000427246094, 470.0749969482422, 47.5260009765625, 480.47900390625], "Font": {"alt_family_name": "Helvetica", "embedded": false, "encoding": "WinAnsiEncoding", "family_name": "Helvetica", "font_type": "Type1", "italic": false, "monospaced": false, "name": "Helvetica", "subset": false, "weight": 400}, "HasClip": false, "Lang": "en", "ObjectID": 35, "Page": 0, "Path": "//Document/Sect/Table/TR[3]/TH/P", "Text": "2 ", "TextSize": 9.0, "attributes": {"LineHeight": 10.75}}, {"Bounds": [59.529998779296875, 470.0749969482422, 104.05305480957031, 480.47900390625], "ObjectID": 304, "Page": 0, "Path": "//Document/Sect/Table/TR[3]/TD", "attributes": {"BBox": [56.27769999999873, 464.6049999999959, 241.18999999999505, 485.125], "BlockAlign": "Middle", "BorderColor": [0, 0, 0], "BorderStyle": "Solid", "BorderThickness": 0.25, "ColIndex": 1, "Height": 20.5, "InlineAlign": "Start", "RowIndex": 2, "Width": 184.875}}, {"Bounds": [59.529998779296875, 470.0749969482422, 104.05305480957031, 480.47900390625], "Font": {"alt_family_name": "Helvetica", "embedded": false, "encoding": "WinAnsiEncoding", "family_name": "Helvetica", "font_type": "Type1", "italic": false, "monospaced": false, "name": "Helvetica", "subset": false, "weight": 400}, "HasClip": false, "Lang": "en", "ObjectID": 36, "Page": 0, "Path": "//Document/Sect/Table/TR[3]/TD/P", "Text": "Abu Dhabi ", "TextSize": 9.0, "attributes": {"LineHeight": 10.75}}, {"Bounds": [243.77999877929688, 470.0749969482422, 288.3030548095703, 480.47900390625], "ObjectID": 305, "Page": 0, "Path": "//Document/Sect/Table/TR[3]/TD[2]", "attributes": {"BBox": [240.5899999999965, 464.6049999999959, 329.0269999999873, 485.125], "BlockAlign": "Middle", "BorderColor": [0, 0, 0], "BorderStyle": "Solid", "BorderThickness": 0.25, "ColIndex": 2, "Height": 20.5, "InlineAlign": "Start", "RowIndex": 2, "Width": 88.375}}, {"Bounds": [243.77999877929688, 470.0749969482422, 288.3030548095703, 480.47900390625], "Font": {"alt_family_name": "Helvetica", "embedded": false, "encoding": "WinAnsiEncoding", "family_name": "Helvetica", "font_type": "Type1", "italic": false, "monospaced": false, "name": "Helvetica", "subset": false, "weight": 400}, "HasClip": false, "Lang": "en", "ObjectID": 37, "Page": 0, "Path": "//Document/Sect/Table/TR[3]/TD[2]/P", "Text": "Abu Dhabi ", "TextSize": 9.0, "attributes": {"LineHeight": 10.75}}, {"Bounds": [347.6699981689453, 470.0749969482422, 369.1710662841797, 480.47900390625], "ObjectID": 306, "Page": 0, "Path": "//Document/Sect/Table/TR[3]/TD[3]", "attributes": {"BBox": [328.42699999999604, 464.6049999999959, 385.78399999999965, 485.125], "BlockAlign": "Middle", "BorderColor": [0, 0, 0], "BorderStyle": "Solid", "BorderThickness": 0.25, "ColIndex": 3, "Height": 20.5, "InlineAlign": "Center", "RowIndex": 2, "Width": 57.375}}, {"Bounds": [347.6699981689453, 470.0749969482422, 369.1710662841797, 480.47900390625], "Font": {"alt_family_name": "Helvetica", "embedded": false, "encoding": "WinAnsiEncoding", "family_name": "Helvetica", "font_type": "Type1", "italic": false, "monospaced": false, "name": "Helvetica", "subset": false, "weight": 400}, "HasClip": false, "Lang": "en", "ObjectID": 38, "Page": 0, "Path": "//Document/Sect/Table/TR[3]/TD[3]/P", "Text": "AUH ", "TextSize": 9.0, "attributes": {"LineHeight": 10.75}}, {"Bounds": [400.61000061035156, 470.0749969482422, 429.6170654296875, 480.47900390625], "ObjectID": 307, "Page": 0, "Path": "//Document/Sect/Table/TR[3]/TD[4]", "attributes": {"BBox": [385.18399999999383, 464.6049999999959, 442.4219999999914, 485.125], "BlockAlign": "Middle", "BorderColor": [0, 0, 0], "BorderStyle": "Solid", "BorderThickness": 0.25, "ColIndex": 4, "Height": 20.5, "InlineAlign": "Center", "RowIndex": 2, "Width": 57.25}}, {"Bounds": [400.61000061035156, 470.0749969482422, 429.6170654296875, 480.47900390625], "Font": {"alt_family_name": "Helvetica", "embedded": false, "encoding": "WinAnsiEncoding", "family_name": "Helvetica", "font_type": "Type1", "italic": false, "monospaced": false, "name": "Helvetica", "subset": false, "weight": 400}, "HasClip": false, "Lang": "en", "ObjectID": 39, "Page": 0, "Path": "//Document/Sect/Table/TR[3]/TD[4]/P", "Text": "OMAA ", "TextSize": 9.0, "attributes": {"LineHeight": 10.75}}, {"Bounds": [445.0399932861328, 470.0749969482422, 705.3650207519531, 480.47900390625], "ObjectID": 308, "Page": 0, "Path": "//Document/Sect/Table/TR[3]/TD[5]", "attributes": {"BBox": [441.82199999998556, 464.6049999999959, 837.0859999999811, 485.125], "BlockAlign": "Middle", "BorderColor": [0, 0, 0], "BorderStyle": "Solid", "BorderThickness": [0.25, 0.25, 0.25, 0.5], "ColIndex": 5, "Height": 20.5, "InlineAlign": "Start", "RowIndex": 2, "Width": 395.25}}, {"Bounds": [445.0399932861328, 470.0749969482422, 705.3650207519531, 480.47900390625], "Font": {"alt_family_name": "Helvetica", "embedded": false, "encoding": "WinAnsiEncoding", "family_name": "Helvetica", "font_type": "Type1", "italic": false, "monospaced": false, "name": "Helvetica", "subset": false, "weight": 400}, "HasClip": false, "Lang": "en", "ObjectID": 40, "Page": 0, "Path": "//Document/Sect/Table/TR[3]/TD[5]/P", "Text": "The second-largest airport in UAE, serving as Etihad's main hub. ", "TextSize": 9.0, "attributes": {"LineHeight": 10.75}}, {"Bounds": [40.02000427246094, 450.23500061035156, 47.5260009765625, 460.6390075683594], "ObjectID": 279, "Page": 0, "Path": "//Document/Sect/Table/TR[4]/TH", "attributes": {"BBox": [27.598899999999958, 444.80599999999686, 56.877699999999095, 465.2049999999872], "BlockAlign": "Middle", "BorderColor": [0, 0, 0], "BorderStyle": "Solid", "BorderThickness": [0.25, 0.25, 0.5, 0.25], "ColIndex": 0, "Height": 20.375, "InlineAlign": "Center", "RowIndex": 3, "Width": 29.25}}, {"Bounds": [40.02000427246094, 450.23500061035156, 47.5260009765625, 460.6390075683594], "Font": {"alt_family_name": "Helvetica", "embedded": false, "encoding": "WinAnsiEncoding", "family_name": "Helvetica", "font_type": "Type1", "italic": false, "monospaced": false, "name": "Helvetica", "subset": false, "weight": 400}, "HasClip": false, "Lang": "en", "ObjectID": 41, "Page": 0, "Path": "//Document/Sect/Table/TR[4]/TH/P", "Text": "3 ", "TextSize": 9.0, "attributes": {"LineHeight": 10.75}}, {"Bounds": [59.529998779296875, 450.23500061035156, 93.04598999023438, 460.6390075683594], "ObjectID": 280, "Page": 0, "Path": "//Document/Sect/Table/TR[4]/TD", "attributes": {"BBox": [56.27769999999873, 444.80599999999686, 241.18999999999505, 465.2049999999872], "BlockAlign": "Middle", "BorderColor": [0, 0, 0], "BorderStyle": "Solid", "BorderThickness": 0.25, "ColIndex": 1, "Height": 20.375, "InlineAlign": "Start", "RowIndex": 3, "Width": 184.875}}, {"Bounds": [59.529998779296875, 450.23500061035156, 93.04598999023438, 460.6390075683594], "Font": {"alt_family_name": "Helvetica", "embedded": false, "encoding": "WinAnsiEncoding", "family_name": "Helvetica", "font_type": "Type1", "italic": false, "monospaced": false, "name": "Helvetica", "subset": false, "weight": 400}, "HasClip": false, "Lang": "en", "ObjectID": 42, "Page": 0, "Path": "//Document/Sect/Table/TR[4]/TD/P", "Text": "Sharjah ", "TextSize": 9.0, "attributes": {"LineHeight": 10.75}}, {"Bounds": [243.77999877929688, 450.23500061035156, 277.2959899902344, 460.6390075683594], "ObjectID": 281, "Page": 0, "Path": "//Document/Sect/Table/TR[4]/TD[2]", "attributes": {"BBox": [240.5899999999965, 444.80599999999686, 329.0269999999873, 465.2049999999872], "BlockAlign": "Middle", "BorderColor": [0, 0, 0], "BorderStyle": "Solid", "BorderThickness": 0.25, "ColIndex": 2, "Height": 20.375, "InlineAlign": "Start", "RowIndex": 3, "Width": 88.375}}, {"Bounds": [243.77999877929688, 450.23500061035156, 277.2959899902344, 460.6390075683594], "Font": {"alt_family_name": "Helvetica", "embedded": false, "encoding": "WinAnsiEncoding", "family_name": "Helvetica", "font_type": "Type1", "italic": false, "monospaced": false, "name": "Helvetica", "subset": false, "weight": 400}, "HasClip": false, "Lang": "en", "ObjectID": 43, "Page": 0, "Path": "//Document/Sect/Table/TR[4]/TD[2]/P", "Text": "Sharjah ", "TextSize": 9.0, "attributes": {"LineHeight": 10.75}}, {"Bounds": [348.6699981689453, 450.23500061035156, 368.1730651855469, 460.6390075683594], "ObjectID": 282, "Page": 0, "Path": "//Document/Sect/Table/TR[4]/TD[3]", "attributes": {"BBox": [328.42699999999604, 444.80599999999686, 385.78399999999965, 465.2049999999872], "BlockAlign": "Middle", "BorderColor": [0, 0, 0], "BorderStyle": "Solid", "BorderThickness": 0.25, "ColIndex": 3, "Height": 20.375, "InlineAlign": "Center", "RowIndex": 3, "Width": 57.375}}, {"Bounds": [348.6699981689453, 450.23500061035156, 368.1730651855469, 460.6390075683594], "Font": {"alt_family_name": "Helvetica", "embedded": false, "encoding": "WinAnsiEncoding", "family_name": "Helvetica", "font_type": "Type1", "italic": false, "monospaced": false, "name": "Helvetica", "subset": false, "weight": 400}, "HasClip": false, "Lang": "en", "ObjectID": 44, "Page": 0, "Path": "//Document/Sect/Table/TR[4]/TD[3]/P", "Text": "SHJ ", "TextSize": 9.0, "attributes": {"LineHeight": 10.75}}, {"Bounds": [401.36000061035156, 450.23500061035156, 428.86399841308594, 460.6390075683594], "ObjectID": 283, "Page": 0, "Path": "//Document/Sect/Table/TR[4]/TD[4]", "attributes": {"BBox": [385.18399999999383, 444.80599999999686, 442.4219999999914, 465.2049999999872], "BlockAlign": "Middle", "BorderColor": [0, 0, 0], "BorderStyle": "Solid", "BorderThickness": 0.25, "ColIndex": 4, "Height": 20.375, "InlineAlign": "Center", "RowIndex": 3, "Width": 57.25}}, {"Bounds": [401.36000061035156, 450.23500061035156, 428.86399841308594, 460.6390075683594], "Font": {"alt_family_name": "Helvetica", "embedded": false, "encoding": "WinAnsiEncoding", "family_name": "Helvetica", "font_type": "Type1", "italic": false, "monospaced": false, "name": "Helvetica", "subset": false, "weight": 400}, "HasClip": false, "Lang": "en", "ObjectID": 45, "Page": 0, "Path": "//Document/Sect/Table/TR[4]/TD[4]/P", "Text": "OMSJ ", "TextSize": 9.0, "attributes": {"LineHeight": 10.75}}, {"Bounds": [445.0399932861328, 450.23500061035156, 668.6179504394531, 460.6390075683594], "ObjectID": 284, "Page": 0, "Path": "//Document/Sect/Table/TR[4]/TD[5]", "attributes": {"BBox": [441.82199999998556, 444.80599999999686, 837.0859999999811, 465.2049999999872], "BlockAlign": "Middle", "BorderColor": [0, 0, 0], "BorderStyle": "Solid", "BorderThickness": [0.25, 0.25, 0.25, 0.5], "ColIndex": 5, "Height": 20.375, "InlineAlign": "Start", "RowIndex": 3, "Width": 395.25}}, {"Bounds": [445.0399932861328, 450.23500061035156, 668.6179504394531, 460.6390075683594], "Font": {"alt_family_name": "Helvetica", "embedded": false, "encoding": "WinAnsiEncoding", "family_name": "Helvetica", "font_type": "Type1", "italic": false, "monospaced": false, "name": "Helvetica", "subset": false, "weight": 400}, "HasClip": false, "Lang": "en", "ObjectID": 46, "Page": 0, "Path": "//Document/Sect/Table/TR[4]/TD[5]/P", "Text": "A key airport for low-cost carriers and cargo operations. ", "TextSize": 9.0, "attributes": {"LineHeight": 10.75}}, {"Bounds": [40.02000427246094, 430.39500427246094, 47.5260009765625, 440.7989959716797], "ObjectID": 255, "Page": 0, "Path": "//Document/Sect/Table/TR[5]/TH", "attributes": {"BBox": [27.598899999999958, 425.0069999999978, 56.877699999999095, 445.4059999999881], "BlockAlign": "Middle", "BorderColor": [0, 0, 0], "BorderStyle": "Solid", "BorderThickness": [0.25, 0.25, 0.5, 0.25], "ColIndex": 0, "Height": 20.375, "InlineAlign": "Center", "RowIndex": 4, "Width": 29.25}}, {"Bounds": [40.02000427246094, 430.39500427246094, 47.5260009765625, 440.7989959716797], "Font": {"alt_family_name": "Helvetica", "embedded": false, "encoding": "WinAnsiEncoding", "family_name": "Helvetica", "font_type": "Type1", "italic": false, "monospaced": false, "name": "Helvetica", "subset": false, "weight": 400}, "HasClip": false, "Lang": "en", "ObjectID": 47, "Page": 0, "Path": "//Document/Sect/Table/TR[5]/TH/P", "Text": "4 ", "TextSize": 9.0, "attributes": {"LineHeight": 10.75}}, {"Bounds": [59.529998779296875, 430.39500427246094, 109.54306030273438, 440.7989959716797], "ObjectID": 256, "Page": 0, "Path": "//Document/Sect/Table/TR[5]/TD", "attributes": {"BBox": [56.27769999999873, 425.0069999999978, 241.18999999999505, 445.4059999999881], "BlockAlign": "Middle", "BorderColor": [0, 0, 0], "BorderStyle": "Solid", "BorderThickness": 0.25, "ColIndex": 1, "Height": 20.375, "InlineAlign": "Start", "RowIndex": 4, "Width": 184.875}}, {"Bounds": [59.529998779296875, 430.39500427246094, 109.54306030273438, 440.7989959716797], "Font": {"alt_family_name": "Helvetica", "embedded": false, "encoding": "WinAnsiEncoding", "family_name": "Helvetica", "font_type": "Type1", "italic": false, "monospaced": false, "name": "Helvetica", "subset": false, "weight": 400}, "HasClip": false, "Lang": "en", "ObjectID": 48, "Page": 0, "Path": "//Document/Sect/Table/TR[5]/TD/P", "Text": "Al Maktoum ", "TextSize": 9.0, "attributes": {"LineHeight": 10.75}}, {"Bounds": [243.77999877929688, 430.39500427246094, 269.7899932861328, 440.7989959716797], "ObjectID": 257, "Page": 0, "Path": "//Document/Sect/Table/TR[5]/TD[2]", "attributes": {"BBox": [240.5899999999965, 425.0069999999978, 329.0269999999873, 445.4059999999881], "BlockAlign": "Middle", "BorderColor": [0, 0, 0], "BorderStyle": "Solid", "BorderThickness": 0.25, "ColIndex": 2, "Height": 20.375, "InlineAlign": "Start", "RowIndex": 4, "Width": 88.375}}, {"Bounds": [243.77999877929688, 430.39500427246094, 269.7899932861328, 440.7989959716797], "Font": {"alt_family_name": "Helvetica", "embedded": false, "encoding": "WinAnsiEncoding", "family_name": "Helvetica", "font_type": "Type1", "italic": false, "monospaced": false, "name": "Helvetica", "subset": false, "weight": 400}, "HasClip": false, "Lang": "en", "ObjectID": 49, "Page": 0, "Path": "//Document/Sect/Table/TR[5]/TD[2]/P", "Text": "Dubai ", "TextSize": 9.0, "attributes": {"LineHeight": 10.75}}, {"Bounds": [346.4199981689453, 430.39500427246094, 370.41400146484375, 440.7989959716797], "ObjectID": 258, "Page": 0, "Path": "//Document/Sect/Table/TR[5]/TD[3]", "attributes": {"BBox": [328.42699999999604, 425.0069999999978, 385.78399999999965, 445.4059999999881], "BlockAlign": "Middle", "BorderColor": [0, 0, 0], "BorderStyle": "Solid", "BorderThickness": 0.25, "ColIndex": 3, "Height": 20.375, "InlineAlign": "Center", "RowIndex": 4, "Width": 57.375}}, {"Bounds": [346.4199981689453, 430.39500427246094, 370.41400146484375, 440.7989959716797], "Font": {"alt_family_name": "Helvetica", "embedded": false, "encoding": "WinAnsiEncoding", "family_name": "Helvetica", "font_type": "Type1", "italic": false, "monospaced": false, "name": "Helvetica", "subset": false, "weight": 400}, "HasClip": false, "Lang": "en", "ObjectID": 50, "Page": 0, "Path": "//Document/Sect/Table/TR[5]/TD[3]/P", "Text": "DWC ", "TextSize": 9.0, "attributes": {"LineHeight": 10.75}}, {"Bounds": [399.1199951171875, 430.39500427246094, 431.11492919921875, 440.7989959716797], "ObjectID": 259, "Page": 0, "Path": "//Document/Sect/Table/TR[5]/TD[4]", "attributes": {"BBox": [385.18399999999383, 425.0069999999978, 442.4219999999914, 445.4059999999881], "BlockAlign": "Middle", "BorderColor": [0, 0, 0], "BorderStyle": "Solid", "BorderThickness": 0.25, "ColIndex": 4, "Height": 20.375, "InlineAlign": "Center", "RowIndex": 4, "Width": 57.25}}, {"Bounds": [399.1199951171875, 430.39500427246094, 431.11492919921875, 440.7989959716797], "Font": {"alt_family_name": "Helvetica", "embedded": false, "encoding": "WinAnsiEncoding", "family_name": "Helvetica", "font_type": "Type1", "italic": false, "monospaced": false, "name": "Helvetica", "subset": false, "weight": 400}, "HasClip": false, "Lang": "en", "ObjectID": 51, "Page": 0, "Path": "//Document/Sect/Table/TR[5]/TD[4]/P", "Text": "OMDW ", "TextSize": 9.0, "attributes": {"LineHeight": 10.75}}, {"Bounds": [445.0399932861328, 430.39500427246094, 710.1800537109375, 440.7989959716797], "ObjectID": 260, "Page": 0, "Path": "//Document/Sect/Table/TR[5]/TD[5]", "attributes": {"BBox": [441.82199999998556, 425.0069999999978, 837.0859999999811, 445.4059999999881], "BlockAlign": "Middle", "BorderColor": [0, 0, 0], "BorderStyle": "Solid", "BorderThickness": [0.25, 0.25, 0.25, 0.5], "ColIndex": 5, "Height": 20.375, "InlineAlign": "Start", "RowIndex": 4, "Width": 395.25}}, {"Bounds": [445.0399932861328, 430.39500427246094, 710.1800537109375, 440.7989959716797], "Font": {"alt_family_name": "Helvetica", "embedded": false, "encoding": "WinAnsiEncoding", "family_name": "Helvetica", "font_type": "Type1", "italic": false, "monospaced": false, "name": "Helvetica", "subset": false, "weight": 400}, "HasClip": false, "Lang": "en", "ObjectID": 52, "Page": 0, "Path": "//Document/Sect/Table/TR[5]/TD[5]/P", "Text": "An expanding airport designed to handle large international traffic. ", "TextSize": 9.0, "attributes": {"LineHeight": 10.75}}, {"Bounds": [40.02000427246094, 410.55499267578125, 47.5260009765625, 420.95899963378906], "ObjectID": 231, "Page": 0, "Path": "//Document/Sect/Table/TR[6]/TH", "attributes": {"BBox": [27.598899999999958, 405.0879999999888, 56.877699999999095, 425.60699999998906], "BlockAlign": "Middle", "BorderColor": [0, 0, 0], "BorderStyle": "Solid", "BorderThickness": [0.25, 0.25, 0.5, 0.25], "ColIndex": 0, "Height": 20.5, "InlineAlign": "Center", "RowIndex": 5, "Width": 29.25}}, {"Bounds": [40.02000427246094, 410.55499267578125, 47.5260009765625, 420.95899963378906], "Font": {"alt_family_name": "Helvetica", "embedded": false, "encoding": "WinAnsiEncoding", "family_name": "Helvetica", "font_type": "Type1", "italic": false, "monospaced": false, "name": "Helvetica", "subset": false, "weight": 400}, "HasClip": false, "Lang": "en", "ObjectID": 53, "Page": 0, "Path": "//Document/Sect/Table/TR[6]/TH/P", "Text": "5 ", "TextSize": 9.0, "attributes": {"LineHeight": 10.75}}, {"Bounds": [59.529998779296875, 410.55499267578125, 126.55305480957031, 420.95899963378906], "ObjectID": 232, "Page": 0, "Path": "//Document/Sect/Table/TR[6]/TD", "attributes": {"BBox": [56.27769999999873, 405.0879999999888, 241.18999999999505, 425.60699999998906], "BlockAlign": "Middle", "BorderColor": [0, 0, 0], "BorderStyle": "Solid", "BorderThickness": 0.25, "ColIndex": 1, "Height": 20.5, "InlineAlign": "Start", "RowIndex": 5, "Width": 184.875}}, {"Bounds": [59.529998779296875, 410.55499267578125, 126.55305480957031, 420.95899963378906], "Font": {"alt_family_name": "Helvetica", "embedded": false, "encoding": "WinAnsiEncoding", "family_name": "Helvetica", "font_type": "Type1", "italic": false, "monospaced": false, "name": "Helvetica", "subset": false, "weight": 400}, "HasClip": false, "Lang": "en", "ObjectID": 54, "Page": 0, "Path": "//Document/Sect/Table/TR[6]/TD/P", "Text": "Ras Al Khaimah ", "TextSize": 9.0, "attributes": {"LineHeight": 10.75}}, {"Bounds": [243.77999877929688, 410.55499267578125, 310.8030548095703, 420.95899963378906], "ObjectID": 233, "Page": 0, "Path": "//Document/Sect/Table/TR[6]/TD[2]", "attributes": {"BBox": [240.5899999999965, 405.0879999999888, 329.0269999999873, 425.60699999998906], "BlockAlign": "Middle", "BorderColor": [0, 0, 0], "BorderStyle": "Solid", "BorderThickness": 0.25, "ColIndex": 2, "Height": 20.5, "InlineAlign": "Start", "RowIndex": 5, "Width": 88.375}}, {"Bounds": [243.77999877929688, 410.55499267578125, 310.8030548095703, 420.95899963378906], "Font": {"alt_family_name": "Helvetica", "embedded": false, "encoding": "WinAnsiEncoding", "family_name": "Helvetica", "font_type": "Type1", "italic": false, "monospaced": false, "name": "Helvetica", "subset": false, "weight": 400}, "HasClip": false, "Lang": "en", "ObjectID": 55, "Page": 0, "Path": "//Document/Sect/Table/TR[6]/TD[2]/P", "Text": "Ras Al Khaimah ", "TextSize": 9.0, "attributes": {"LineHeight": 10.75}}, {"Bounds": [348.1699981689453, 410.55499267578125, 368.6719970703125, 420.95899963378906], "ObjectID": 234, "Page": 0, "Path": "//Document/Sect/Table/TR[6]/TD[3]", "attributes": {"BBox": [328.42699999999604, 405.0879999999888, 385.78399999999965, 425.60699999998906], "BlockAlign": "Middle", "BorderColor": [0, 0, 0], "BorderStyle": "Solid", "BorderThickness": 0.25, "ColIndex": 3, "Height": 20.5, "InlineAlign": "Center", "RowIndex": 5, "Width": 57.375}}, {"Bounds": [348.1699981689453, 410.55499267578125, 368.6719970703125, 420.95899963378906], "Font": {"alt_family_name": "Helvetica", "embedded": false, "encoding": "WinAnsiEncoding", "family_name": "Helvetica", "font_type": "Type1", "italic": false, "monospaced": false, "name": "Helvetica", "subset": false, "weight": 400}, "HasClip": false, "Lang": "en", "ObjectID": 56, "Page": 0, "Path": "//Document/Sect/Table/TR[6]/TD[3]/P", "Text": "RKT ", "TextSize": 9.0, "attributes": {"LineHeight": 10.75}}, {"Bounds": [400.36000061035156, 410.55499267578125, 429.86199951171875, 420.95899963378906], "ObjectID": 235, "Page": 0, "Path": "//Document/Sect/Table/TR[6]/TD[4]", "attributes": {"BBox": [385.18399999999383, 405.0879999999888, 442.4219999999914, 425.60699999998906], "BlockAlign": "Middle", "BorderColor": [0, 0, 0], "BorderStyle": "Solid", "BorderThickness": 0.25, "ColIndex": 4, "Height": 20.5, "InlineAlign": "Center", "RowIndex": 5, "Width": 57.25}}, {"Bounds": [400.36000061035156, 410.55499267578125, 429.86199951171875, 420.95899963378906], "Font": {"alt_family_name": "Helvetica", "embedded": false, "encoding": "WinAnsiEncoding", "family_name": "Helvetica", "font_type": "Type1", "italic": false, "monospaced": false, "name": "Helvetica", "subset": false, "weight": 400}, "HasClip": false, "Lang": "en", "ObjectID": 57, "Page": 0, "Path": "//Document/Sect/Table/TR[6]/TD[4]/P", "Text": "OMRK ", "TextSize": 9.0, "attributes": {"LineHeight": 10.75}}, {"Bounds": [445.0399932861328, 410.55499267578125, 638.6119537353516, 420.95899963378906], "ObjectID": 236, "Page": 0, "Path": "//Document/Sect/Table/TR[6]/TD[5]", "attributes": {"BBox": [441.82199999998556, 405.0879999999888, 837.0859999999811, 425.60699999998906], "BlockAlign": "Middle", "BorderColor": [0, 0, 0], "BorderStyle": "Solid", "BorderThickness": [0.25, 0.25, 0.25, 0.5], "ColIndex": 5, "Height": 20.5, "InlineAlign": "Start", "RowIndex": 5, "Width": 395.25}}, {"Bounds": [445.0399932861328, 410.55499267578125, 638.6119537353516, 420.95899963378906], "Font": {"alt_family_name": "Helvetica", "embedded": false, "encoding": "WinAnsiEncoding", "family_name": "Helvetica", "font_type": "Type1", "italic": false, "monospaced": false, "name": "Helvetica", "subset": false, "weight": 400}, "HasClip": false, "Lang": "en", "ObjectID": 58, "Page": 0, "Path": "//Document/Sect/Table/TR[6]/TD[5]/P", "Text": "A growing airport serving the northern Emirates. ", "TextSize": 9.0, "attributes": {"LineHeight": 10.75}}, {"Bounds": [40.02000427246094, 390.7050018310547, 47.5260009765625, 401.10899353027344], "ObjectID": 207, "Page": 0, "Path": "//Document/Sect/Table/TR[7]/TH", "attributes": {"BBox": [27.598899999999958, 385.28899999998976, 56.877699999999095, 405.68799999999464], "BlockAlign": "Middle", "BorderColor": [0, 0, 0], "BorderStyle": "Solid", "BorderThickness": [0.25, 0.25, 0.5, 0.25], "ColIndex": 0, "Height": 20.375, "InlineAlign": "Center", "RowIndex": 6, "Width": 29.25}}, {"Bounds": [40.02000427246094, 390.7050018310547, 47.5260009765625, 401.10899353027344], "Font": {"alt_family_name": "Helvetica", "embedded": false, "encoding": "WinAnsiEncoding", "family_name": "Helvetica", "font_type": "Type1", "italic": false, "monospaced": false, "name": "Helvetica", "subset": false, "weight": 400}, "HasClip": false, "Lang": "en", "ObjectID": 59, "Page": 0, "Path": "//Document/Sect/Table/TR[7]/TH/P", "Text": "6 ", "TextSize": 9.0, "attributes": {"LineHeight": 10.75}}, {"Bounds": [59.529998779296875, 390.7050018310547, 94.53999328613281, 401.10899353027344], "ObjectID": 208, "Page": 0, "Path": "//Document/Sect/Table/TR[7]/TD", "attributes": {"BBox": [56.27769999999873, 385.28899999998976, 241.18999999999505, 405.68799999999464], "BlockAlign": "Middle", "BorderColor": [0, 0, 0], "BorderStyle": "Solid", "BorderThickness": 0.25, "ColIndex": 1, "Height": 20.375, "InlineAlign": "Start", "RowIndex": 6, "Width": 184.875}}, {"Bounds": [59.529998779296875, 390.7050018310547, 94.53999328613281, 401.10899353027344], "Font": {"alt_family_name": "Helvetica", "embedded": false, "encoding": "WinAnsiEncoding", "family_name": "Helvetica", "font_type": "Type1", "italic": false, "monospaced": false, "name": "Helvetica", "subset": false, "weight": 400}, "HasClip": false, "Lang": "en", "ObjectID": 60, "Page": 0, "Path": "//Document/Sect/Table/TR[7]/TD/P", "Text": "Fujairah ", "TextSize": 9.0, "attributes": {"LineHeight": 10.75}}, {"Bounds": [243.77999877929688, 390.7050018310547, 278.7899932861328, 401.10899353027344], "ObjectID": 209, "Page": 0, "Path": "//Document/Sect/Table/TR[7]/TD[2]", "attributes": {"BBox": [240.5899999999965, 385.28899999998976, 329.0269999999873, 405.68799999999464], "BlockAlign": "Middle", "BorderColor": [0, 0, 0], "BorderStyle": "Solid", "BorderThickness": 0.25, "ColIndex": 2, "Height": 20.375, "InlineAlign": "Start", "RowIndex": 6, "Width": 88.375}}, {"Bounds": [243.77999877929688, 390.7050018310547, 278.7899932861328, 401.10899353027344], "Font": {"alt_family_name": "Helvetica", "embedded": false, "encoding": "WinAnsiEncoding", "family_name": "Helvetica", "font_type": "Type1", "italic": false, "monospaced": false, "name": "Helvetica", "subset": false, "weight": 400}, "HasClip": false, "Lang": "en", "ObjectID": 61, "Page": 0, "Path": "//Document/Sect/Table/TR[7]/TD[2]/P", "Text": "Fujairah ", "TextSize": 9.0, "attributes": {"LineHeight": 10.75}}, {"Bounds": [348.9199981689453, 390.7050018310547, 367.91893005371094, 401.10899353027344], "ObjectID": 210, "Page": 0, "Path": "//Document/Sect/Table/TR[7]/TD[3]", "attributes": {"BBox": [328.42699999999604, 385.28899999998976, 385.78399999999965, 405.68799999999464], "BlockAlign": "Middle", "BorderColor": [0, 0, 0], "BorderStyle": "Solid", "BorderThickness": 0.25, "ColIndex": 3, "Height": 20.375, "InlineAlign": "Center", "RowIndex": 6, "Width": 57.375}}, {"Bounds": [348.9199981689453, 390.7050018310547, 367.91893005371094, 401.10899353027344], "Font": {"alt_family_name": "Helvetica", "embedded": false, "encoding": "WinAnsiEncoding", "family_name": "Helvetica", "font_type": "Type1", "italic": false, "monospaced": false, "name": "Helvetica", "subset": false, "weight": 400}, "HasClip": false, "Lang": "en", "ObjectID": 62, "Page": 0, "Path": "//Document/Sect/Table/TR[7]/TD[3]/P", "Text": "FJR ", "TextSize": 9.0, "attributes": {"LineHeight": 10.75}}, {"Bounds": [401.61000061035156, 390.7050018310547, 428.61000061035156, 401.10899353027344], "ObjectID": 211, "Page": 0, "Path": "//Document/Sect/Table/TR[7]/TD[4]", "attributes": {"BBox": [385.18399999999383, 385.28899999998976, 442.4219999999914, 405.68799999999464], "BlockAlign": "Middle", "BorderColor": [0, 0, 0], "BorderStyle": "Solid", "BorderThickness": 0.25, "ColIndex": 4, "Height": 20.375, "InlineAlign": "Center", "RowIndex": 6, "Width": 57.25}}, {"Bounds": [401.61000061035156, 390.7050018310547, 428.61000061035156, 401.10899353027344], "Font": {"alt_family_name": "Helvetica", "embedded": false, "encoding": "WinAnsiEncoding", "family_name": "Helvetica", "font_type": "Type1", "italic": false, "monospaced": false, "name": "Helvetica", "subset": false, "weight": 400}, "HasClip": false, "Lang": "en", "ObjectID": 63, "Page": 0, "Path": "//Document/Sect/Table/TR[7]/TD[4]/P", "Text": "OMFJ ", "TextSize": 9.0, "attributes": {"LineHeight": 10.75}}, {"Bounds": [445.0399932861328, 390.7050018310547, 674.1259460449219, 401.10899353027344], "ObjectID": 212, "Page": 0, "Path": "//Document/Sect/Table/TR[7]/TD[5]", "attributes": {"BBox": [441.82199999998556, 385.28899999998976, 837.0859999999811, 405.68799999999464], "BlockAlign": "Middle", "BorderColor": [0, 0, 0], "BorderStyle": "Solid", "BorderThickness": [0.25, 0.25, 0.25, 0.5], "ColIndex": 5, "Height": 20.375, "InlineAlign": "Start", "RowIndex": 6, "Width": 395.25}}, {"Bounds": [445.0399932861328, 390.7050018310547, 674.1259460449219, 401.10899353027344], "Font": {"alt_family_name": "Helvetica", "embedded": false, "encoding": "WinAnsiEncoding", "family_name": "Helvetica", "font_type": "Type1", "italic": false, "monospaced": false, "name": "Helvetica", "subset": false, "weight": 400}, "HasClip": false, "Lang": "en", "ObjectID": 64, "Page": 0, "Path": "//Document/Sect/Table/TR[7]/TD[5]/P", "Text": "A small airport mainly used for cargo and regional flights. ", "TextSize": 9.0, "attributes": {"LineHeight": 10.75}}, {"Bounds": [40.02000427246094, 370.86500549316406, 47.5260009765625, 381.2689971923828], "ObjectID": 183, "Page": 0, "Path": "//Document/Sect/Table/TR[8]/TH", "attributes": {"BBox": [27.598899999999958, 365.48899999998685, 56.877699999999095, 385.8889999999956], "BlockAlign": "Middle", "BorderColor": [0, 0, 0], "BorderStyle": "Solid", "BorderThickness": [0.25, 0.25, 0.5, 0.25], "ColIndex": 0, "Height": 20.375, "InlineAlign": "Center", "RowIndex": 7, "Width": 29.25}}, {"Bounds": [40.02000427246094, 370.86500549316406, 47.5260009765625, 381.2689971923828], "Font": {"alt_family_name": "Helvetica", "embedded": false, "encoding": "WinAnsiEncoding", "family_name": "Helvetica", "font_type": "Type1", "italic": false, "monospaced": false, "name": "Helvetica", "subset": false, "weight": 400}, "HasClip": false, "Lang": "en", "ObjectID": 65, "Page": 0, "Path": "//Document/Sect/Table/TR[8]/TH/P", "Text": "7 ", "TextSize": 9.0, "attributes": {"LineHeight": 10.75}}, {"Bounds": [59.529998779296875, 370.86500549316406, 85.53999328613281, 381.2689971923828], "ObjectID": 184, "Page": 0, "Path": "//Document/Sect/Table/TR[8]/TD", "attributes": {"BBox": [56.27769999999873, 365.48899999998685, 241.18999999999505, 385.8889999999956], "BlockAlign": "Middle", "BorderColor": [0, 0, 0], "BorderStyle": "Solid", "BorderThickness": 0.25, "ColIndex": 1, "Height": 20.375, "InlineAlign": "Start", "RowIndex": 7, "Width": 184.875}}, {"Bounds": [59.529998779296875, 370.86500549316406, 85.53999328613281, 381.2689971923828], "Font": {"alt_family_name": "Helvetica", "embedded": false, "encoding": "WinAnsiEncoding", "family_name": "Helvetica", "font_type": "Type1", "italic": false, "monospaced": false, "name": "Helvetica", "subset": false, "weight": 400}, "HasClip": false, "Lang": "en", "ObjectID": 66, "Page": 0, "Path": "//Document/Sect/Table/TR[8]/TD/P", "Text": "Al Ain ", "TextSize": 9.0, "attributes": {"LineHeight": 10.75}}, {"Bounds": [243.77999877929688, 370.86500549316406, 269.7899932861328, 381.2689971923828], "ObjectID": 185, "Page": 0, "Path": "//Document/Sect/Table/TR[8]/TD[2]", "attributes": {"BBox": [240.5899999999965, 365.48899999998685, 329.0269999999873, 385.8889999999956], "BlockAlign": "Middle", "BorderColor": [0, 0, 0], "BorderStyle": "Solid", "BorderThickness": 0.25, "ColIndex": 2, "Height": 20.375, "InlineAlign": "Start", "RowIndex": 7, "Width": 88.375}}, {"Bounds": [243.77999877929688, 370.86500549316406, 269.7899932861328, 381.2689971923828], "Font": {"alt_family_name": "Helvetica", "embedded": false, "encoding": "WinAnsiEncoding", "family_name": "Helvetica", "font_type": "Type1", "italic": false, "monospaced": false, "name": "Helvetica", "subset": false, "weight": 400}, "HasClip": false, "Lang": "en", "ObjectID": 67, "Page": 0, "Path": "//Document/Sect/Table/TR[8]/TD[2]/P", "Text": "Al Ain ", "TextSize": 9.0, "attributes": {"LineHeight": 10.75}}, {"Bounds": [347.9199981689453, 370.86500549316406, 368.9259948730469, 381.2689971923828], "ObjectID": 186, "Page": 0, "Path": "//Document/Sect/Table/TR[8]/TD[3]", "attributes": {"BBox": [328.42699999999604, 365.48899999998685, 385.78399999999965, 385.8889999999956], "BlockAlign": "Middle", "BorderColor": [0, 0, 0], "BorderStyle": "Solid", "BorderThickness": 0.25, "ColIndex": 3, "Height": 20.375, "InlineAlign": "Center", "RowIndex": 7, "Width": 57.375}}, {"Bounds": [347.9199981689453, 370.86500549316406, 368.9259948730469, 381.2689971923828], "Font": {"alt_family_name": "Helvetica", "embedded": false, "encoding": "WinAnsiEncoding", "family_name": "Helvetica", "font_type": "Type1", "italic": false, "monospaced": false, "name": "Helvetica", "subset": false, "weight": 400}, "HasClip": false, "Lang": "en", "ObjectID": 68, "Page": 0, "Path": "//Document/Sect/Table/TR[8]/TD[3]/P", "Text": "AAN ", "TextSize": 9.0, "attributes": {"LineHeight": 10.75}}, {"Bounds": [401.11000061035156, 370.86500549316406, 429.1179962158203, 381.2689971923828], "ObjectID": 187, "Page": 0, "Path": "//Document/Sect/Table/TR[8]/TD[4]", "attributes": {"BBox": [385.18399999999383, 365.48899999998685, 442.4219999999914, 385.8889999999956], "BlockAlign": "Middle", "BorderColor": [0, 0, 0], "BorderStyle": "Solid", "BorderThickness": 0.25, "ColIndex": 4, "Height": 20.375, "InlineAlign": "Center", "RowIndex": 7, "Width": 57.25}}, {"Bounds": [401.11000061035156, 370.86500549316406, 429.1179962158203, 381.2689971923828], "Font": {"alt_family_name": "Helvetica", "embedded": false, "encoding": "WinAnsiEncoding", "family_name": "Helvetica", "font_type": "Type1", "italic": false, "monospaced": false, "name": "Helvetica", "subset": false, "weight": 400}, "HasClip": false, "Lang": "en", "ObjectID": 69, "Page": 0, "Path": "//Document/Sect/Table/TR[8]/TD[4]/P", "Text": "OMAL ", "TextSize": 9.0, "attributes": {"LineHeight": 10.75}}, {"Bounds": [445.0399932861328, 370.86500549316406, 691.1450042724609, 381.2689971923828], "ObjectID": 188, "Page": 0, "Path": "//Document/Sect/Table/TR[8]/TD[5]", "attributes": {"BBox": [441.82199999998556, 365.48899999998685, 837.0859999999811, 385.8889999999956], "BlockAlign": "Middle", "BorderColor": [0, 0, 0], "BorderStyle": "Solid", "BorderThickness": [0.25, 0.25, 0.25, 0.5], "ColIndex": 5, "Height": 20.375, "InlineAlign": "Start", "RowIndex": 7, "Width": 395.25}}, {"Bounds": [445.0399932861328, 370.86500549316406, 691.1450042724609, 381.2689971923828], "Font": {"alt_family_name": "Helvetica", "embedded": false, "encoding": "WinAnsiEncoding", "family_name": "Helvetica", "font_type": "Type1", "italic": false, "monospaced": false, "name": "Helvetica", "subset": false, "weight": 400}, "HasClip": false, "Lang": "en", "ObjectID": 70, "Page": 0, "Path": "//Document/Sect/Table/TR[8]/TD[5]/P", "Text": "An airport serving the city of Al Ain with regional connections. ", "TextSize": 9.0, "attributes": {"LineHeight": 10.75}}, {"Bounds": [40.02000427246094, 351.0249938964844, 47.5260009765625, 361.4290008544922], "ObjectID": 159, "Page": 0, "Path": "//Document/Sect/Table/TR[9]/TH", "attributes": {"BBox": [27.598899999999958, 345.56999999999243, 56.877699999999095, 366.08899999999267], "BlockAlign": "Middle", "BorderColor": [0, 0, 0], "BorderStyle": "Solid", "BorderThickness": [0.25, 0.25, 0.5, 0.25], "ColIndex": 0, "Height": 20.5, "InlineAlign": "Center", "RowIndex": 8, "Width": 29.25}}, {"Bounds": [40.02000427246094, 351.0249938964844, 47.5260009765625, 361.4290008544922], "Font": {"alt_family_name": "Helvetica", "embedded": false, "encoding": "WinAnsiEncoding", "family_name": "Helvetica", "font_type": "Type1", "italic": false, "monospaced": false, "name": "Helvetica", "subset": false, "weight": 400}, "HasClip": false, "Lang": "en", "ObjectID": 71, "Page": 0, "Path": "//Document/Sect/Table/TR[9]/TH/P", "Text": "8 ", "TextSize": 9.0, "attributes": {"LineHeight": 10.75}}, {"Bounds": [59.529998779296875, 351.0249938964844, 132.5559844970703, 361.4290008544922], "ObjectID": 160, "Page": 0, "Path": "//Document/Sect/Table/TR[9]/TD", "attributes": {"BBox": [56.27769999999873, 345.56999999999243, 241.18999999999505, 366.08899999999267], "BlockAlign": "Middle", "BorderColor": [0, 0, 0], "BorderStyle": "Solid", "BorderThickness": 0.25, "ColIndex": 1, "Height": 20.5, "InlineAlign": "Start", "RowIndex": 8, "Width": 184.875}}, {"Bounds": [59.529998779296875, 351.0249938964844, 132.5559844970703, 361.4290008544922], "Font": {"alt_family_name": "Helvetica", "embedded": false, "encoding": "WinAnsiEncoding", "family_name": "Helvetica", "font_type": "Type1", "italic": false, "monospaced": false, "name": "Helvetica", "subset": false, "weight": 400}, "HasClip": false, "Lang": "en", "ObjectID": 72, "Page": 0, "Path": "//Document/Sect/Table/TR[9]/TD/P", "Text": "Dubai Creek SPB ", "TextSize": 9.0, "attributes": {"LineHeight": 10.75}}, {"Bounds": [243.77999877929688, 351.0249938964844, 269.7899932861328, 361.4290008544922], "ObjectID": 161, "Page": 0, "Path": "//Document/Sect/Table/TR[9]/TD[2]", "attributes": {"BBox": [240.5899999999965, 345.56999999999243, 329.0269999999873, 366.08899999999267], "BlockAlign": "Middle", "BorderColor": [0, 0, 0], "BorderStyle": "Solid", "BorderThickness": 0.25, "ColIndex": 2, "Height": 20.5, "InlineAlign": "Start", "RowIndex": 8, "Width": 88.375}}, {"Bounds": [243.77999877929688, 351.0249938964844, 269.7899932861328, 361.4290008544922], "Font": {"alt_family_name": "Helvetica", "embedded": false, "encoding": "WinAnsiEncoding", "family_name": "Helvetica", "font_type": "Type1", "italic": false, "monospaced": false, "name": "Helvetica", "subset": false, "weight": 400}, "HasClip": false, "Lang": "en", "ObjectID": 73, "Page": 0, "Path": "//Document/Sect/Table/TR[9]/TD[2]/P", "Text": "Dubai ", "TextSize": 9.0, "attributes": {"LineHeight": 10.75}}, {"Bounds": [347.1699981689453, 351.0249938964844, 369.6699981689453, 361.4290008544922], "ObjectID": 162, "Page": 0, "Path": "//Document/Sect/Table/TR[9]/TD[3]", "attributes": {"BBox": [328.42699999999604, 345.56999999999243, 385.78399999999965, 366.08899999999267], "BlockAlign": "Middle", "BorderColor": [0, 0, 0], "BorderStyle": "Solid", "BorderThickness": 0.25, "ColIndex": 3, "Height": 20.5, "InlineAlign": "Center", "RowIndex": 8, "Width": 57.375}}, {"Bounds": [347.1699981689453, 351.0249938964844, 369.6699981689453, 361.4290008544922], "Font": {"alt_family_name": "Helvetica", "embedded": false, "encoding": "WinAnsiEncoding", "family_name": "Helvetica", "font_type": "Type1", "italic": false, "monospaced": false, "name": "Helvetica", "subset": false, "weight": 400}, "HasClip": false, "Lang": "en", "ObjectID": 74, "Page": 0, "Path": "//Document/Sect/Table/TR[9]/TD[3]/P", "Text": "DCG ", "TextSize": 9.0, "attributes": {"LineHeight": 10.75}}, {"Bounds": [400.11000061035156, 351.0249938964844, 430.10693359375, 361.4290008544922], "ObjectID": 163, "Page": 0, "Path": "//Document/Sect/Table/TR[9]/TD[4]", "attributes": {"BBox": [385.18399999999383, 345.56999999999243, 442.4219999999914, 366.08899999999267], "BlockAlign": "Middle", "BorderColor": [0, 0, 0], "BorderStyle": "Solid", "BorderThickness": 0.25, "ColIndex": 4, "Height": 20.5, "InlineAlign": "Center", "RowIndex": 8, "Width": 57.25}}, {"Bounds": [400.11000061035156, 351.0249938964844, 430.10693359375, 361.4290008544922], "Font": {"alt_family_name": "Helvetica", "embedded": false, "encoding": "WinAnsiEncoding", "family_name": "Helvetica", "font_type": "Type1", "italic": false, "monospaced": false, "name": "Helvetica", "subset": false, "weight": 400}, "HasClip": false, "Lang": "en", "ObjectID": 75, "Page": 0, "Path": "//Document/Sect/Table/TR[9]/TD[4]/P", "Text": "OMDC ", "TextSize": 9.0, "attributes": {"LineHeight": 10.75}}, {"Bounds": [445.0399932861328, 351.0249938964844, 667.6549987792969, 361.4290008544922], "ObjectID": 164, "Page": 0, "Path": "//Document/Sect/Table/TR[9]/TD[5]", "attributes": {"BBox": [441.82199999998556, 345.56999999999243, 837.0859999999811, 366.08899999999267], "BlockAlign": "Middle", "BorderColor": [0, 0, 0], "BorderStyle": "Solid", "BorderThickness": [0.25, 0.25, 0.25, 0.5], "ColIndex": 5, "Height": 20.5, "InlineAlign": "Start", "RowIndex": 8, "Width": 395.25}}, {"Bounds": [445.0399932861328, 351.0249938964844, 667.6549987792969, 361.4290008544922], "Font": {"alt_family_name": "Helvetica", "embedded": false, "encoding": "WinAnsiEncoding", "family_name": "Helvetica", "font_type": "Type1", "italic": false, "monospaced": false, "name": "Helvetica", "subset": false, "weight": 400}, "HasClip": false, "Lang": "en", "ObjectID": 76, "Page": 0, "Path": "//Document/Sect/Table/TR[9]/TD[5]/P", "Text": "A seaplane base for chartered and tour flights in Dubai. ", "TextSize": 9.0, "attributes": {"LineHeight": 10.75}}, {"Bounds": [40.02000427246094, 331.18499755859375, 47.5260009765625, 341.58900451660156], "ObjectID": 135, "Page": 0, "Path": "//Document/Sect/Table/TR[10]/TH", "attributes": {"BBox": [27.598899999999958, 325.77099999999336, 56.877699999999095, 346.16999999999825], "BlockAlign": "Middle", "BorderColor": [0, 0, 0], "BorderStyle": "Solid", "BorderThickness": [0.25, 0.25, 0.5, 0.25], "ColIndex": 0, "Height": 20.375, "InlineAlign": "Center", "RowIndex": 9, "Width": 29.25}}, {"Bounds": [40.02000427246094, 331.18499755859375, 47.5260009765625, 341.58900451660156], "Font": {"alt_family_name": "Helvetica", "embedded": false, "encoding": "WinAnsiEncoding", "family_name": "Helvetica", "font_type": "Type1", "italic": false, "monospaced": false, "name": "Helvetica", "subset": false, "weight": 400}, "HasClip": false, "Lang": "en", "ObjectID": 77, "Page": 0, "Path": "//Document/Sect/Table/TR[10]/TH/P", "Text": "9 ", "TextSize": 9.0, "attributes": {"LineHeight": 10.75}}, {"Bounds": [59.529998779296875, 331.18499755859375, 111.54998779296875, 341.58900451660156], "ObjectID": 136, "Page": 0, "Path": "//Document/Sect/Table/TR[10]/TD", "attributes": {"BBox": [56.27769999999873, 325.77099999999336, 241.18999999999505, 346.16999999999825], "BlockAlign": "Middle", "BorderColor": [0, 0, 0], "BorderStyle": "Solid", "BorderThickness": 0.25, "ColIndex": 1, "Height": 20.375, "InlineAlign": "Start", "RowIndex": 9, "Width": 184.875}}, {"Bounds": [59.529998779296875, 331.18499755859375, 111.54998779296875, 341.58900451660156], "Font": {"alt_family_name": "Helvetica", "embedded": false, "encoding": "WinAnsiEncoding", "family_name": "Helvetica", "font_type": "Type1", "italic": false, "monospaced": false, "name": "Helvetica", "subset": false, "weight": 400}, "HasClip": false, "Lang": "en", "ObjectID": 78, "Page": 0, "Path": "//Document/Sect/Table/TR[10]/TD/P", "Text": "Sir Bani Yas ", "TextSize": 9.0, "attributes": {"LineHeight": 10.75}}, {"Bounds": [243.77999877929688, 331.18499755859375, 295.79998779296875, 341.58900451660156], "ObjectID": 137, "Page": 0, "Path": "//Document/Sect/Table/TR[10]/TD[2]", "attributes": {"BBox": [240.5899999999965, 325.77099999999336, 329.0269999999873, 346.16999999999825], "BlockAlign": "Middle", "BorderColor": [0, 0, 0], "BorderStyle": "Solid", "BorderThickness": 0.25, "ColIndex": 2, "Height": 20.375, "InlineAlign": "Start", "RowIndex": 9, "Width": 88.375}}, {"Bounds": [243.77999877929688, 331.18499755859375, 295.79998779296875, 341.58900451660156], "Font": {"alt_family_name": "Helvetica", "embedded": false, "encoding": "WinAnsiEncoding", "family_name": "Helvetica", "font_type": "Type1", "italic": false, "monospaced": false, "name": "Helvetica", "subset": false, "weight": 400}, "HasClip": false, "Lang": "en", "ObjectID": 79, "Page": 0, "Path": "//Document/Sect/Table/TR[10]/TD[2]/P", "Text": "Sir Bani Yas ", "TextSize": 9.0, "attributes": {"LineHeight": 10.75}}, {"Bounds": [348.1600036621094, 331.18499755859375, 368.6710662841797, 341.58900451660156], "ObjectID": 138, "Page": 0, "Path": "//Document/Sect/Table/TR[10]/TD[3]", "attributes": {"BBox": [328.42699999999604, 325.77099999999336, 385.78399999999965, 346.16999999999825], "BlockAlign": "Middle", "BorderColor": [0, 0, 0], "BorderStyle": "Solid", "BorderThickness": 0.25, "ColIndex": 3, "Height": 20.375, "InlineAlign": "Center", "RowIndex": 9, "Width": 57.375}}, {"Bounds": [348.1600036621094, 331.18499755859375, 368.6710662841797, 341.58900451660156], "Font": {"alt_family_name": "Helvetica", "embedded": false, "encoding": "WinAnsiEncoding", "family_name": "Helvetica", "font_type": "Type1", "italic": false, "monospaced": false, "name": "Helvetica", "subset": false, "weight": 400}, "HasClip": false, "Lang": "en", "ObjectID": 80, "Page": 0, "Path": "//Document/Sect/Table/TR[10]/TD[3]/P", "Text": "XSB ", "TextSize": 9.0, "attributes": {"LineHeight": 10.75}}, {"Bounds": [400.61000061035156, 331.18499755859375, 429.6170654296875, 341.58900451660156], "ObjectID": 139, "Page": 0, "Path": "//Document/Sect/Table/TR[10]/TD[4]", "attributes": {"BBox": [385.18399999999383, 325.77099999999336, 442.4219999999914, 346.16999999999825], "BlockAlign": "Middle", "BorderColor": [0, 0, 0], "BorderStyle": "Solid", "BorderThickness": 0.25, "ColIndex": 4, "Height": 20.375, "InlineAlign": "Center", "RowIndex": 9, "Width": 57.25}}, {"Bounds": [400.61000061035156, 331.18499755859375, 429.6170654296875, 341.58900451660156], "Font": {"alt_family_name": "Helvetica", "embedded": false, "encoding": "WinAnsiEncoding", "family_name": "Helvetica", "font_type": "Type1", "italic": false, "monospaced": false, "name": "Helvetica", "subset": false, "weight": 400}, "HasClip": false, "Lang": "en", "ObjectID": 81, "Page": 0, "Path": "//Document/Sect/Table/TR[10]/TD[4]/P", "Text": "OMBY ", "TextSize": 9.0, "attributes": {"LineHeight": 10.75}}, {"Bounds": [445.0399932861328, 331.18499755859375, 707.8579559326172, 341.58900451660156], "ObjectID": 140, "Page": 0, "Path": "//Document/Sect/Table/TR[10]/TD[5]", "attributes": {"BBox": [441.82199999998556, 325.77099999999336, 837.0859999999811, 346.16999999999825], "BlockAlign": "Middle", "BorderColor": [0, 0, 0], "BorderStyle": "Solid", "BorderThickness": [0.25, 0.25, 0.25, 0.5], "ColIndex": 5, "Height": 20.375, "InlineAlign": "Start", "RowIndex": 9, "Width": 395.25}}, {"Bounds": [445.0399932861328, 331.18499755859375, 707.8579559326172, 341.58900451660156], "Font": {"alt_family_name": "Helvetica", "embedded": false, "encoding": "WinAnsiEncoding", "family_name": "Helvetica", "font_type": "Type1", "italic": false, "monospaced": false, "name": "Helvetica", "subset": false, "weight": 400}, "HasClip": false, "Lang": "en", "ObjectID": 82, "Page": 0, "Path": "//Document/Sect/Table/TR[10]/TD[5]/P", "Text": "A small airport serving the island's resorts and conservation area. ", "TextSize": 9.0, "attributes": {"LineHeight": 10.75}}, {"Bounds": [37.52000427246094, 311.3350067138672, 50.029998779296875, 321.73899841308594], "ObjectID": 111, "Page": 0, "Path": "//Document/Sect/Table/TR[11]/TH", "attributes": {"BBox": [27.598899999999958, 305.3719999999885, 56.877699999999095, 326.3709999999992], "BlockAlign": "Middle", "BorderColor": [0, 0, 0], "BorderStyle": "Solid", "BorderThickness": [0.25, 0.5, 0.5, 0.25], "ColIndex": 0, "Height": 21, "InlineAlign": "Center", "RowIndex": 10, "Width": 29.25}}, {"Bounds": [37.52000427246094, 311.3350067138672, 50.029998779296875, 321.73899841308594], "Font": {"alt_family_name": "Helvetica", "embedded": false, "encoding": "WinAnsiEncoding", "family_name": "Helvetica", "font_type": "Type1", "italic": false, "monospaced": false, "name": "Helvetica", "subset": false, "weight": 400}, "HasClip": false, "Lang": "en", "ObjectID": 83, "Page": 0, "Path": "//Document/Sect/Table/TR[11]/TH/P", "Text": "10 ", "TextSize": 9.0, "attributes": {"LineHeight": 10.75}}, {"Bounds": [59.529998779296875, 311.3350067138672, 88.03306579589844, 321.73899841308594], "ObjectID": 112, "Page": 0, "Path": "//Document/Sect/Table/TR[11]/TD", "attributes": {"BBox": [56.27769999999873, 305.3719999999885, 241.18999999999505, 326.3709999999992], "BlockAlign": "Middle", "BorderColor": [0, 0, 0], "BorderStyle": "Solid", "BorderThickness": [0.25, 0.5, 0.25, 0.25], "ColIndex": 1, "Height": 21, "InlineAlign": "Start", "RowIndex": 10, "Width": 184.875}}, {"Bounds": [59.529998779296875, 311.3350067138672, 88.03306579589844, 321.73899841308594], "Font": {"alt_family_name": "Helvetica", "embedded": false, "encoding": "WinAnsiEncoding", "family_name": "Helvetica", "font_type": "Type1", "italic": false, "monospaced": false, "name": "Helvetica", "subset": false, "weight": 400}, "HasClip": false, "Lang": "en", "ObjectID": 84, "Page": 0, "Path": "//Document/Sect/Table/TR[11]/TD/P", "Text": "Dalma ", "TextSize": 9.0, "attributes": {"LineHeight": 10.75}}, {"Bounds": [243.77999877929688, 311.3350067138672, 272.28306579589844, 321.73899841308594], "ObjectID": 113, "Page": 0, "Path": "//Document/Sect/Table/TR[11]/TD[2]", "attributes": {"BBox": [240.5899999999965, 305.3719999999885, 329.0269999999873, 326.3709999999992], "BlockAlign": "Middle", "BorderColor": [0, 0, 0], "BorderStyle": "Solid", "BorderThickness": [0.25, 0.5, 0.25, 0.25], "ColIndex": 2, "Height": 21, "InlineAlign": "Start", "RowIndex": 10, "Width": 88.375}}, {"Bounds": [243.77999877929688, 311.3350067138672, 272.28306579589844, 321.73899841308594], "Font": {"alt_family_name": "Helvetica", "embedded": false, "encoding": "WinAnsiEncoding", "family_name": "Helvetica", "font_type": "Type1", "italic": false, "monospaced": false, "name": "Helvetica", "subset": false, "weight": 400}, "HasClip": false, "Lang": "en", "ObjectID": 85, "Page": 0, "Path": "//Document/Sect/Table/TR[11]/TD[2]/P", "Text": "Dalma ", "TextSize": 9.0, "attributes": {"LineHeight": 10.75}}, {"Bounds": [348.1699981689453, 311.3350067138672, 368.6719970703125, 321.73899841308594], "ObjectID": 114, "Page": 0, "Path": "//Document/Sect/Table/TR[11]/TD[3]", "attributes": {"BBox": [328.42699999999604, 305.3719999999885, 385.78399999999965, 326.3709999999992], "BlockAlign": "Middle", "BorderColor": [0, 0, 0], "BorderStyle": "Solid", "BorderThickness": [0.25, 0.5, 0.25, 0.25], "ColIndex": 3, "Height": 21, "InlineAlign": "Center", "RowIndex": 10, "Width": 57.375}}, {"Bounds": [348.1699981689453, 311.3350067138672, 368.6719970703125, 321.73899841308594], "Font": {"alt_family_name": "Helvetica", "embedded": false, "encoding": "WinAnsiEncoding", "family_name": "Helvetica", "font_type": "Type1", "italic": false, "monospaced": false, "name": "Helvetica", "subset": false, "weight": 400}, "HasClip": false, "Lang": "en", "ObjectID": 86, "Page": 0, "Path": "//Document/Sect/Table/TR[11]/TD[3]/P", "Text": "ZDY ", "TextSize": 9.0, "attributes": {"LineHeight": 10.75}}, {"Bounds": [400.86000061035156, 311.3350067138672, 429.3630676269531, 321.73899841308594], "ObjectID": 115, "Page": 0, "Path": "//Document/Sect/Table/TR[11]/TD[4]", "attributes": {"BBox": [385.18399999999383, 305.3719999999885, 442.4219999999914, 326.3709999999992], "BlockAlign": "Middle", "BorderColor": [0, 0, 0], "BorderStyle": "Solid", "BorderThickness": [0.25, 0.5, 0.25, 0.25], "ColIndex": 4, "Height": 21, "InlineAlign": "Center", "RowIndex": 10, "Width": 57.25}}, {"Bounds": [400.86000061035156, 311.3350067138672, 429.3630676269531, 321.73899841308594], "Font": {"alt_family_name": "Helvetica", "embedded": false, "encoding": "WinAnsiEncoding", "family_name": "Helvetica", "font_type": "Type1", "italic": false, "monospaced": false, "name": "Helvetica", "subset": false, "weight": 400}, "HasClip": false, "Lang": "en", "ObjectID": 87, "Page": 0, "Path": "//Document/Sect/Table/TR[11]/TD[4]/P", "Text": "OMDL ", "TextSize": 9.0, "attributes": {"LineHeight": 10.75}}, {"Bounds": [445.0399932861328, 311.3350067138672, 656.60302734375, 321.73899841308594], "ObjectID": 116, "Page": 0, "Path": "//Document/Sect/Table/TR[11]/TD[5]", "attributes": {"BBox": [441.82199999998556, 305.3719999999885, 837.0859999999811, 326.3709999999992], "BlockAlign": "Middle", "BorderColor": [0, 0, 0], "BorderStyle": "Solid", "BorderThickness": [0.25, 0.5, 0.25, 0.5], "ColIndex": 5, "Height": 21, "InlineAlign": "Start", "RowIndex": 10, "Width": 395.25}}, {"Bounds": [445.0399932861328, 311.3350067138672, 656.60302734375, 321.73899841308594], "Font": {"alt_family_name": "Helvetica", "embedded": false, "encoding": "WinAnsiEncoding", "family_name": "Helvetica", "font_type": "Type1", "italic": false, "monospaced": false, "name": "Helvetica", "subset": false, "weight": 400}, "HasClip": false, "Lang": "en", "ObjectID": 88, "Page": 0, "Path": "//Document/Sect/Table/TR[11]/TD[5]/P", "Text": "A minor airport serving the Dalma Island community. ", "TextSize": 9.0, "attributes": {"LineHeight": 10.75}}, {"Bounds": [31.19000244140625, 278.2200012207031, 315.1800231933594, 289.7799987792969], "Font": {"alt_family_name": "Helvetica", "embedded": false, "encoding": "WinAnsiEncoding", "family_name": "Helvetica", "font_type": "Type1", "italic": true, "monospaced": false, "name": "Helvetica-Oblique", "subset": false, "weight": 400}, "HasClip": false, "Lang": "en", "ObjectID": 89, "Page": 0, "Path": "//Document/Sect/Footnote", "Text": "Document Name: International Airports in United Arab Emirates ", "TextSize": 10.0, "attributes": {"LineHeight": 12, "SpaceAfter": 5}}, {"Bounds": [31.19000244140625, 261.2100067138672, 173.46005249023438, 272.77000427246094], "Font": {"alt_family_name": "Helvetica", "embedded": false, "encoding": "WinAnsiEncoding", "family_name": "Helvetica", "font_type": "Type1", "italic": true, "monospaced": false, "name": "Helvetica-Oblique", "subset": false, "weight": 400}, "HasClip": false, "Lang": "en", "ObjectID": 90, "Page": 0, "Path": "//Document/Sect/P", "Text": "Created By: Khalid Al-Mansoori ", "TextSize": 10.0, "attributes": {"LineHeight": 12, "SpaceAfter": 5}}, {"Bounds": [31.19000244140625, 244.1999969482422, 227.949951171875, 255.75999450683594], "Font": {"alt_family_name": "Helvetica", "embedded": false, "encoding": "WinAnsiEncoding", "family_name": "Helvetica", "font_type": "Type1", "italic": true, "monospaced": false, "name": "Helvetica-Oblique", "subset": false, "weight": 400}, "HasClip": false, "Lang": "en", "ObjectID": 91, "Page": 0, "Path": "//Document/Sect/P[2]", "Text": "Document Code: UAE12345ABC67890XYZ ", "TextSize": 10.0, "attributes": {"LineHeight": 12, "SpaceAfter": 5}}, {"Bounds": [31.19000244140625, 227.19000244140625, 194.06002807617188, 238.75], "Font": {"alt_family_name": "Helvetica", "embedded": false, "encoding": "WinAnsiEncoding", "family_name": "Helvetica", "font_type": "Type1", "italic": true, "monospaced": false, "name": "Helvetica-Oblique", "subset": false, "weight": 400}, "HasClip": false, "Lang": "en", "ObjectID": 92, "Page": 0, "Path": "//Document/Sect/P[3]", "Text": "Creation Date: 2025-02-27 00:14:00 ", "TextSize": 10.0, "attributes": {"LineHeight": 12}}], "pages": [{"boxes": {"CropBox": [0.0, 0.0, 841.8900146484375, 595.280029296875], "MediaBox": [0.0, 0.0, 841.8900146484375, 595.280029296875]}, "height": 595.280029296875, "is_scanned": false, "page_number": 0, "rotation": 0, "width": 841.8900146484375}]}