{"version": {"json_export": "218", "page_segmentation": "55", "schema": "1.1.0", "structure": "1.1136.0", "table_structure": "5"}, "extended_metadata": {"ID_instance": "0A 4F 58 65 2A BC B2 11 0A 00 29 A5 C6 70 D1 ED ", "ID_permanent": "0A 4F 58 65 2A BC B2 11 0A 00 29 A5 C6 70 D1 ED ", "has_acroform": false, "has_embedded_files": false, "is_XFA": false, "is_certified": false, "is_encrypted": false, "is_digitally_signed": false, "language": "en", "page_count": 1, "pdf_version": "1.6", "pdfa_compliance_level": "", "pdfua_compliance_level": ""}, "elements": [{"Bounds": [313.8699951171875, 548.197998046875, 526.2499694824219, 564.8580017089844], "Font": {"alt_family_name": "Helvetica", "embedded": false, "encoding": "WinAnsiEncoding", "family_name": "Helvetica", "font_type": "Type1", "italic": false, "monospaced": false, "name": "Helvetica-Bold", "subset": false, "weight": 700}, "HasClip": false, "Lang": "en", "ObjectID": 22, "Page": 0, "Path": "//Document/Sect/Title", "Text": "International Airports in France ", "TextSize": 14.0, "attributes": {"LineHeight": 16.75, "SpaceAfter": 18, "TextAlign": "Center"}}, {"Bounds": [35.02000427246094, 311.3350067138672, 749.8260650634766, 522.5299987792969], "ObjectID": 99, "Page": 0, "Path": "//Document/Sect/Table", "attributes": {"BBox": [27.598899999999958, 305.85199999999895, 808.1669999999867, 527.9629999999888], "NumCol": 6, "NumRow": 11, "Placement": "Block", "SpaceAfter": 18}}, {"Bounds": [35.02000427246094, 510.6300048828125, 52.80000305175781, 522.5299987792969], "ObjectID": 351, "Page": 0, "Path": "//Document/Sect/Table/TR/TH", "attributes": {"BBox": [27.598899999999958, 504.32399999999325, 56.877699999999095, 527.9629999999888], "BlockAlign": "Middle", "BorderColor": [0, 0, 0], "BorderStyle": "Solid", "BorderThickness": [0.5, 0.25, 0.5, 0.25], "ColIndex": 0, "Height": 23.625, "InlineAlign": "Center", "RowIndex": 0, "Width": 29.25}}, {"Bounds": [35.02000427246094, 510.6300048828125, 52.80000305175781, 522.5299987792969], "Font": {"alt_family_name": "Helvetica", "embedded": false, "encoding": "WinAnsiEncoding", "family_name": "Helvetica", "font_type": "Type1", "italic": false, "monospaced": false, "name": "Helvetica-Bold", "subset": false, "weight": 700}, "HasClip": false, "Lang": "en", "ObjectID": 23, "Page": 0, "Path": "//Document/Sect/Table/TR/TH/P", "Text": "NO ", "TextSize": 10.0, "attributes": {"LineHeight": 12}}, {"Bounds": [110.21000671386719, 510.6300048828125, 190.2100067138672, 522.5299987792969], "ObjectID": 352, "Page": 0, "Path": "//Document/Sect/Table/TR/TH[2]", "attributes": {"BBox": [56.27769999999873, 504.32399999999325, 241.18999999999505, 527.9629999999888], "BlockAlign": "Middle", "BorderColor": [0, 0, 0], "BorderStyle": "Solid", "BorderThickness": [0.5, 0.25, 0.25, 0.25], "ColIndex": 1, "Height": 23.625, "InlineAlign": "Center", "RowIndex": 0, "Width": 184.875}}, {"Bounds": [110.21000671386719, 510.6300048828125, 190.2100067138672, 522.5299987792969], "Font": {"alt_family_name": "Helvetica", "embedded": false, "encoding": "WinAnsiEncoding", "family_name": "Helvetica", "font_type": "Type1", "italic": false, "monospaced": false, "name": "Helvetica-Bold", "subset": false, "weight": 700}, "HasClip": false, "Lang": "en", "ObjectID": 24, "Page": 0, "Path": "//Document/Sect/Table/TR/TH[2]/P", "Text": "AIRPORT NAME ", "TextSize": 10.0, "attributes": {"LineHeight": 12}}, {"Bounds": [259.32000732421875, 510.6300048828125, 284.8800048828125, 522.5299987792969], "ObjectID": 353, "Page": 0, "Path": "//Document/Sect/Table/TR/TH[3]", "attributes": {"BBox": [240.5899999999965, 504.32399999999325, 300.7079999999987, 527.9629999999888], "BlockAlign": "Middle", "BorderColor": [0, 0, 0], "BorderStyle": "Solid", "BorderThickness": [0.5, 0.25, 0.25, 0.25], "ColIndex": 2, "Height": 23.625, "InlineAlign": "Center", "RowIndex": 0, "Width": 60.125}}, {"Bounds": [259.32000732421875, 510.6300048828125, 284.8800048828125, 522.5299987792969], "Font": {"alt_family_name": "Helvetica", "embedded": false, "encoding": "WinAnsiEncoding", "family_name": "Helvetica", "font_type": "Type1", "italic": false, "monospaced": false, "name": "Helvetica-Bold", "subset": false, "weight": 700}, "HasClip": false, "Lang": "en", "ObjectID": 25, "Page": 0, "Path": "//Document/Sect/Table/TR/TH[3]/P", "Text": "CITY ", "TextSize": 10.0, "attributes": {"LineHeight": 12}}, {"Bounds": [317.1600036621094, 510.6300048828125, 343.2699279785156, 522.5299987792969], "ObjectID": 354, "Page": 0, "Path": "//Document/Sect/Table/TR/TH[4]", "attributes": {"BBox": [300.1079999999929, 504.32399999999325, 357.3449999999866, 527.9629999999888], "BlockAlign": "Middle", "BorderColor": [0, 0, 0], "BorderStyle": "Solid", "BorderThickness": [0.5, 0.25, 0.25, 0.25], "ColIndex": 3, "Height": 23.625, "InlineAlign": "Center", "RowIndex": 0, "Width": 57.25}}, {"Bounds": [317.1600036621094, 510.6300048828125, 343.2699279785156, 522.5299987792969], "Font": {"alt_family_name": "Helvetica", "embedded": false, "encoding": "WinAnsiEncoding", "family_name": "Helvetica", "font_type": "Type1", "italic": false, "monospaced": false, "name": "Helvetica-Bold", "subset": false, "weight": 700}, "HasClip": false, "Lang": "en", "ObjectID": 26, "Page": 0, "Path": "//Document/Sect/Table/TR/TH[4]/P", "Text": "IATA ", "TextSize": 10.0, "attributes": {"LineHeight": 12}}, {"Bounds": [373.02000427246094, 510.6300048828125, 400.8000030517578, 522.5299987792969], "ObjectID": 355, "Page": 0, "Path": "//Document/Sect/Table/TR/TH[5]", "attributes": {"BBox": [356.74499999999534, 504.32399999999325, 414.10299999998824, 527.9629999999888], "BlockAlign": "Middle", "BorderColor": [0, 0, 0], "BorderStyle": "Solid", "BorderThickness": [0.5, 0.25, 0.25, 0.25], "ColIndex": 4, "Height": 23.625, "InlineAlign": "Center", "RowIndex": 0, "Width": 57.375}}, {"Bounds": [373.02000427246094, 510.6300048828125, 400.8000030517578, 522.5299987792969], "Font": {"alt_family_name": "Helvetica", "embedded": false, "encoding": "WinAnsiEncoding", "family_name": "Helvetica", "font_type": "Type1", "italic": false, "monospaced": false, "name": "Helvetica-Bold", "subset": false, "weight": 700}, "HasClip": false, "Lang": "en", "ObjectID": 27, "Page": 0, "Path": "//Document/Sect/Table/TR/TH[5]/P", "Text": "ICAO ", "TextSize": 10.0, "attributes": {"LineHeight": 12}}, {"Bounds": [576.6999969482422, 510.6300048828125, 647.8199920654297, 522.5299987792969], "ObjectID": 356, "Page": 0, "Path": "//Document/Sect/Table/TR/TH[6]", "attributes": {"BBox": [413.502999999997, 504.32399999999325, 808.6469999999972, 527.9629999999888], "BlockAlign": "Middle", "BorderColor": [0, 0, 0], "BorderStyle": "Solid", "BorderThickness": [0.5, 0.25, 0.25, 0.5], "ColIndex": 5, "Height": 23.625, "InlineAlign": "Center", "RowIndex": 0, "Width": 395.125}}, {"Bounds": [576.6999969482422, 510.6300048828125, 647.8199920654297, 522.5299987792969], "Font": {"alt_family_name": "Helvetica", "embedded": false, "encoding": "WinAnsiEncoding", "family_name": "Helvetica", "font_type": "Type1", "italic": false, "monospaced": false, "name": "Helvetica-Bold", "subset": false, "weight": 700}, "HasClip": false, "Lang": "en", "ObjectID": 28, "Page": 0, "Path": "//Document/Sect/Table/TR/TH[6]/P", "Text": "DESCRIPTION ", "TextSize": 10.0, "attributes": {"LineHeight": 12}}, {"Bounds": [40.02000427246094, 489.9250030517578, 47.5260009765625, 500.32899475097656], "ObjectID": 327, "Page": 0, "Path": "//Document/Sect/Table/TR[2]/TH", "attributes": {"BBox": [27.598899999999958, 484.5249999999942, 56.877699999999095, 504.92399999999907], "BlockAlign": "Middle", "BorderColor": [0, 0, 0], "BorderStyle": "Solid", "BorderThickness": [0.25, 0.25, 0.5, 0.25], "ColIndex": 0, "Height": 20.375, "InlineAlign": "Center", "RowIndex": 1, "Width": 29.25}}, {"Bounds": [40.02000427246094, 489.9250030517578, 47.5260009765625, 500.32899475097656], "Font": {"alt_family_name": "Helvetica", "embedded": false, "encoding": "WinAnsiEncoding", "family_name": "Helvetica", "font_type": "Type1", "italic": false, "monospaced": false, "name": "Helvetica", "subset": false, "weight": 400}, "HasClip": false, "Lang": "en", "ObjectID": 29, "Page": 0, "Path": "//Document/Sect/Table/TR[2]/TH/P", "Text": "1 ", "TextSize": 9.0, "attributes": {"LineHeight": 10.75}}, {"Bounds": [59.529998779296875, 489.9250030517578, 163.06597900390625, 500.32899475097656], "ObjectID": 328, "Page": 0, "Path": "//Document/Sect/Table/TR[2]/TD", "attributes": {"BBox": [56.27769999999873, 484.5249999999942, 241.18999999999505, 504.92399999999907], "BlockAlign": "Middle", "BorderColor": [0, 0, 0], "BorderStyle": "Solid", "BorderThickness": 0.25, "ColIndex": 1, "Height": 20.375, "InlineAlign": "Start", "RowIndex": 1, "Width": 184.875}}, {"Bounds": [59.529998779296875, 489.9250030517578, 163.06597900390625, 500.32899475097656], "Font": {"alt_family_name": "Helvetica", "embedded": false, "encoding": "WinAnsiEncoding", "family_name": "Helvetica", "font_type": "Type1", "italic": false, "monospaced": false, "name": "Helvetica", "subset": false, "weight": 400}, "HasClip": false, "Lang": "en", "ObjectID": 30, "Page": 0, "Path": "//Document/Sect/Table/TR[2]/TD/P", "Text": "Charles de Gaulle Airport ", "TextSize": 9.0, "attributes": {"LineHeight": 10.75}}, {"Bounds": [243.77999877929688, 489.9250030517578, 266.78399658203125, 500.32899475097656], "ObjectID": 329, "Page": 0, "Path": "//Document/Sect/Table/TR[2]/TD[2]", "attributes": {"BBox": [240.5899999999965, 484.5249999999942, 300.7079999999987, 504.92399999999907], "BlockAlign": "Middle", "BorderColor": [0, 0, 0], "BorderStyle": "Solid", "BorderThickness": 0.25, "ColIndex": 2, "Height": 20.375, "InlineAlign": "Start", "RowIndex": 1, "Width": 60.125}}, {"Bounds": [243.77999877929688, 489.9250030517578, 266.78399658203125, 500.32899475097656], "Font": {"alt_family_name": "Helvetica", "embedded": false, "encoding": "WinAnsiEncoding", "family_name": "Helvetica", "font_type": "Type1", "italic": false, "monospaced": false, "name": "Helvetica", "subset": false, "weight": 400}, "HasClip": false, "Lang": "en", "ObjectID": 31, "Page": 0, "Path": "//Document/Sect/Table/TR[2]/TD[2]/P", "Text": "Paris ", "TextSize": 9.0, "attributes": {"LineHeight": 10.75}}, {"Bounds": [318.82000732421875, 489.9250030517578, 341.32000732421875, 500.32899475097656], "ObjectID": 330, "Page": 0, "Path": "//Document/Sect/Table/TR[2]/TD[3]", "attributes": {"BBox": [300.1079999999929, 484.5249999999942, 357.3449999999866, 504.92399999999907], "BlockAlign": "Middle", "BorderColor": [0, 0, 0], "BorderStyle": "Solid", "BorderThickness": 0.25, "ColIndex": 3, "Height": 20.375, "InlineAlign": "Center", "RowIndex": 1, "Width": 57.25}}, {"Bounds": [318.82000732421875, 489.9250030517578, 341.32000732421875, 500.32899475097656], "Font": {"alt_family_name": "Helvetica", "embedded": false, "encoding": "WinAnsiEncoding", "family_name": "Helvetica", "font_type": "Type1", "italic": false, "monospaced": false, "name": "Helvetica", "subset": false, "weight": 400}, "HasClip": false, "Lang": "en", "ObjectID": 32, "Page": 0, "Path": "//Document/Sect/Table/TR[2]/TD[3]/P", "Text": "CDG ", "TextSize": 9.0, "attributes": {"LineHeight": 10.75}}, {"Bounds": [373.75999450683594, 489.9250030517578, 399.7699890136719, 500.32899475097656], "ObjectID": 331, "Page": 0, "Path": "//Document/Sect/Table/TR[2]/TD[4]", "attributes": {"BBox": [356.74499999999534, 484.5249999999942, 414.10299999998824, 504.92399999999907], "BlockAlign": "Middle", "BorderColor": [0, 0, 0], "BorderStyle": "Solid", "BorderThickness": 0.25, "ColIndex": 4, "Height": 20.375, "InlineAlign": "Center", "RowIndex": 1, "Width": 57.375}}, {"Bounds": [373.75999450683594, 489.9250030517578, 399.7699890136719, 500.32899475097656], "Font": {"alt_family_name": "Helvetica", "embedded": false, "encoding": "WinAnsiEncoding", "family_name": "Helvetica", "font_type": "Type1", "italic": false, "monospaced": false, "name": "Helvetica", "subset": false, "weight": 400}, "HasClip": false, "Lang": "en", "ObjectID": 33, "Page": 0, "Path": "//Document/Sect/Table/TR[2]/TD[4]/P", "Text": "LFPG ", "TextSize": 9.0, "attributes": {"LineHeight": 10.75}}, {"Bounds": [416.6999969482422, 489.9250030517578, 622.511962890625, 500.32899475097656], "ObjectID": 332, "Page": 0, "Path": "//Document/Sect/Table/TR[2]/TD[5]", "attributes": {"BBox": [413.502999999997, 484.5249999999942, 808.6469999999972, 504.92399999999907], "BlockAlign": "Middle", "BorderColor": [0, 0, 0], "BorderStyle": "Solid", "BorderThickness": [0.25, 0.25, 0.25, 0.5], "ColIndex": 5, "Height": 20.375, "InlineAlign": "Start", "RowIndex": 1, "Width": 395.125}}, {"Bounds": [416.6999969482422, 489.9250030517578, 622.511962890625, 500.32899475097656], "Font": {"alt_family_name": "Helvetica", "embedded": false, "encoding": "WinAnsiEncoding", "family_name": "Helvetica", "font_type": "Type1", "italic": false, "monospaced": false, "name": "Helvetica", "subset": false, "weight": 400}, "HasClip": false, "Lang": "en", "ObjectID": 34, "Page": 0, "Path": "//Document/Sect/Table/TR[2]/TD[5]/P", "Text": "France's largest airport and a major European hub. ", "TextSize": 9.0, "attributes": {"LineHeight": 10.75}}, {"Bounds": [40.02000427246094, 470.0749969482422, 47.5260009765625, 480.47900390625], "ObjectID": 303, "Page": 0, "Path": "//Document/Sect/Table/TR[3]/TH", "attributes": {"BBox": [27.598899999999958, 464.6049999999959, 56.877699999999095, 485.125], "BlockAlign": "Middle", "BorderColor": [0, 0, 0], "BorderStyle": "Solid", "BorderThickness": [0.25, 0.25, 0.5, 0.25], "ColIndex": 0, "Height": 20.5, "InlineAlign": "Center", "RowIndex": 2, "Width": 29.25}}, {"Bounds": [40.02000427246094, 470.0749969482422, 47.5260009765625, 480.47900390625], "Font": {"alt_family_name": "Helvetica", "embedded": false, "encoding": "WinAnsiEncoding", "family_name": "Helvetica", "font_type": "Type1", "italic": false, "monospaced": false, "name": "Helvetica", "subset": false, "weight": 400}, "HasClip": false, "Lang": "en", "ObjectID": 35, "Page": 0, "Path": "//Document/Sect/Table/TR[3]/TH/P", "Text": "2 ", "TextSize": 9.0, "attributes": {"LineHeight": 10.75}}, {"Bounds": [59.529998779296875, 470.0749969482422, 107.53599548339844, 480.47900390625], "ObjectID": 304, "Page": 0, "Path": "//Document/Sect/Table/TR[3]/TD", "attributes": {"BBox": [56.27769999999873, 464.6049999999959, 241.18999999999505, 485.125], "BlockAlign": "Middle", "BorderColor": [0, 0, 0], "BorderStyle": "Solid", "BorderThickness": 0.25, "ColIndex": 1, "Height": 20.5, "InlineAlign": "Start", "RowIndex": 2, "Width": 184.875}}, {"Bounds": [59.529998779296875, 470.0749969482422, 107.53599548339844, 480.47900390625], "Font": {"alt_family_name": "Helvetica", "embedded": false, "encoding": "WinAnsiEncoding", "family_name": "Helvetica", "font_type": "Type1", "italic": false, "monospaced": false, "name": "Helvetica", "subset": false, "weight": 400}, "HasClip": false, "Lang": "en", "ObjectID": 36, "Page": 0, "Path": "//Document/Sect/Table/TR[3]/TD/P", "Text": "Orly Airport ", "TextSize": 9.0, "attributes": {"LineHeight": 10.75}}, {"Bounds": [243.77999877929688, 470.0749969482422, 266.78399658203125, 480.47900390625], "ObjectID": 305, "Page": 0, "Path": "//Document/Sect/Table/TR[3]/TD[2]", "attributes": {"BBox": [240.5899999999965, 464.6049999999959, 300.7079999999987, 485.125], "BlockAlign": "Middle", "BorderColor": [0, 0, 0], "BorderStyle": "Solid", "BorderThickness": 0.25, "ColIndex": 2, "Height": 20.5, "InlineAlign": "Start", "RowIndex": 2, "Width": 60.125}}, {"Bounds": [243.77999877929688, 470.0749969482422, 266.78399658203125, 480.47900390625], "Font": {"alt_family_name": "Helvetica", "embedded": false, "encoding": "WinAnsiEncoding", "family_name": "Helvetica", "font_type": "Type1", "italic": false, "monospaced": false, "name": "Helvetica", "subset": false, "weight": 400}, "HasClip": false, "Lang": "en", "ObjectID": 37, "Page": 0, "Path": "//Document/Sect/Table/TR[3]/TD[2]/P", "Text": "Paris ", "TextSize": 9.0, "attributes": {"LineHeight": 10.75}}, {"Bounds": [319.07000732421875, 470.0749969482422, 341.0750732421875, 480.47900390625], "ObjectID": 306, "Page": 0, "Path": "//Document/Sect/Table/TR[3]/TD[3]", "attributes": {"BBox": [300.1079999999929, 464.6049999999959, 357.3449999999866, 485.125], "BlockAlign": "Middle", "BorderColor": [0, 0, 0], "BorderStyle": "Solid", "BorderThickness": 0.25, "ColIndex": 3, "Height": 20.5, "InlineAlign": "Center", "RowIndex": 2, "Width": 57.25}}, {"Bounds": [319.07000732421875, 470.0749969482422, 341.0750732421875, 480.47900390625], "Font": {"alt_family_name": "Helvetica", "embedded": false, "encoding": "WinAnsiEncoding", "family_name": "Helvetica", "font_type": "Type1", "italic": false, "monospaced": false, "name": "Helvetica", "subset": false, "weight": 400}, "HasClip": false, "Lang": "en", "ObjectID": 38, "Page": 0, "Path": "//Document/Sect/Table/TR[3]/TD[3]/P", "Text": "ORY ", "TextSize": 9.0, "attributes": {"LineHeight": 10.75}}, {"Bounds": [373.75999450683594, 470.0749969482422, 399.7699890136719, 480.47900390625], "ObjectID": 307, "Page": 0, "Path": "//Document/Sect/Table/TR[3]/TD[4]", "attributes": {"BBox": [356.74499999999534, 464.6049999999959, 414.10299999998824, 485.125], "BlockAlign": "Middle", "BorderColor": [0, 0, 0], "BorderStyle": "Solid", "BorderThickness": 0.25, "ColIndex": 4, "Height": 20.5, "InlineAlign": "Center", "RowIndex": 2, "Width": 57.375}}, {"Bounds": [373.75999450683594, 470.0749969482422, 399.7699890136719, 480.47900390625], "Font": {"alt_family_name": "Helvetica", "embedded": false, "encoding": "WinAnsiEncoding", "family_name": "Helvetica", "font_type": "Type1", "italic": false, "monospaced": false, "name": "Helvetica", "subset": false, "weight": 400}, "HasClip": false, "Lang": "en", "ObjectID": 39, "Page": 0, "Path": "//Document/Sect/Table/TR[3]/TD[4]/P", "Text": "LFPO ", "TextSize": 9.0, "attributes": {"LineHeight": 10.75}}, {"Bounds": [416.6999969482422, 470.0749969482422, 701.0279541015625, 480.47900390625], "ObjectID": 308, "Page": 0, "Path": "//Document/Sect/Table/TR[3]/TD[5]", "attributes": {"BBox": [413.502999999997, 464.6049999999959, 808.6469999999972, 485.125], "BlockAlign": "Middle", "BorderColor": [0, 0, 0], "BorderStyle": "Solid", "BorderThickness": [0.25, 0.25, 0.25, 0.5], "ColIndex": 5, "Height": 20.5, "InlineAlign": "Start", "RowIndex": 2, "Width": 395.125}}, {"Bounds": [416.6999969482422, 470.0749969482422, 701.0279541015625, 480.47900390625], "Font": {"alt_family_name": "Helvetica", "embedded": false, "encoding": "WinAnsiEncoding", "family_name": "Helvetica", "font_type": "Type1", "italic": false, "monospaced": false, "name": "Helvetica", "subset": false, "weight": 400}, "HasClip": false, "Lang": "en", "ObjectID": 40, "Page": 0, "Path": "//Document/Sect/Table/TR[3]/TD[5]/P", "Text": "Paris' second-largest airport, serving domestic and international flights. ", "TextSize": 9.0, "attributes": {"LineHeight": 10.75}}, {"Bounds": [40.02000427246094, 450.23500061035156, 47.5260009765625, 460.6390075683594], "ObjectID": 279, "Page": 0, "Path": "//Document/Sect/Table/TR[4]/TH", "attributes": {"BBox": [27.598899999999958, 444.80599999999686, 56.877699999999095, 465.2049999999872], "BlockAlign": "Middle", "BorderColor": [0, 0, 0], "BorderStyle": "Solid", "BorderThickness": [0.25, 0.25, 0.5, 0.25], "ColIndex": 0, "Height": 20.375, "InlineAlign": "Center", "RowIndex": 3, "Width": 29.25}}, {"Bounds": [40.02000427246094, 450.23500061035156, 47.5260009765625, 460.6390075683594], "Font": {"alt_family_name": "Helvetica", "embedded": false, "encoding": "WinAnsiEncoding", "family_name": "Helvetica", "font_type": "Type1", "italic": false, "monospaced": false, "name": "Helvetica", "subset": false, "weight": 400}, "HasClip": false, "Lang": "en", "ObjectID": 41, "Page": 0, "Path": "//Document/Sect/Table/TR[4]/TH/P", "Text": "3 ", "TextSize": 9.0, "attributes": {"LineHeight": 10.75}}, {"Bounds": [59.529998779296875, 450.23500061035156, 158.2779998779297, 460.6390075683594], "ObjectID": 280, "Page": 0, "Path": "//Document/Sect/Table/TR[4]/TD", "attributes": {"BBox": [56.27769999999873, 444.80599999999686, 241.18999999999505, 465.2049999999872], "BlockAlign": "Middle", "BorderColor": [0, 0, 0], "BorderStyle": "Solid", "BorderThickness": 0.25, "ColIndex": 1, "Height": 20.375, "InlineAlign": "Start", "RowIndex": 3, "Width": 184.875}}, {"Bounds": [59.529998779296875, 450.23500061035156, 158.2779998779297, 460.6390075683594], "Font": {"alt_family_name": "Helvetica", "embedded": false, "encoding": "WinAnsiEncoding", "family_name": "Helvetica", "font_type": "Type1", "italic": false, "monospaced": false, "name": "Helvetica", "subset": false, "weight": 400}, "HasClip": false, "Lang": "en", "ObjectID": 42, "Page": 0, "Path": "//Document/Sect/Table/TR[4]/TD/P", "Text": "Nice C\u00f4te d'Azur Airport ", "TextSize": 9.0, "attributes": {"LineHeight": 10.75}}, {"Bounds": [243.77999877929688, 450.23500061035156, 264.28199768066406, 460.6390075683594], "ObjectID": 281, "Page": 0, "Path": "//Document/Sect/Table/TR[4]/TD[2]", "attributes": {"BBox": [240.5899999999965, 444.80599999999686, 300.7079999999987, 465.2049999999872], "BlockAlign": "Middle", "BorderColor": [0, 0, 0], "BorderStyle": "Solid", "BorderThickness": 0.25, "ColIndex": 2, "Height": 20.375, "InlineAlign": "Start", "RowIndex": 3, "Width": 60.125}}, {"Bounds": [243.77999877929688, 450.23500061035156, 264.28199768066406, 460.6390075683594], "Font": {"alt_family_name": "Helvetica", "embedded": false, "encoding": "WinAnsiEncoding", "family_name": "Helvetica", "font_type": "Type1", "italic": false, "monospaced": false, "name": "Helvetica", "subset": false, "weight": 400}, "HasClip": false, "Lang": "en", "ObjectID": 43, "Page": 0, "Path": "//Document/Sect/Table/TR[4]/TD[2]/P", "Text": "Nice ", "TextSize": 9.0, "attributes": {"LineHeight": 10.75}}, {"Bounds": [319.32000732421875, 450.23500061035156, 340.8210754394531, 460.6390075683594], "ObjectID": 282, "Page": 0, "Path": "//Document/Sect/Table/TR[4]/TD[3]", "attributes": {"BBox": [300.1079999999929, 444.80599999999686, 357.3449999999866, 465.2049999999872], "BlockAlign": "Middle", "BorderColor": [0, 0, 0], "BorderStyle": "Solid", "BorderThickness": 0.25, "ColIndex": 3, "Height": 20.375, "InlineAlign": "Center", "RowIndex": 3, "Width": 57.25}}, {"Bounds": [319.32000732421875, 450.23500061035156, 340.8210754394531, 460.6390075683594], "Font": {"alt_family_name": "Helvetica", "embedded": false, "encoding": "WinAnsiEncoding", "family_name": "Helvetica", "font_type": "Type1", "italic": false, "monospaced": false, "name": "Helvetica", "subset": false, "weight": 400}, "HasClip": false, "Lang": "en", "ObjectID": 44, "Page": 0, "Path": "//Document/Sect/Table/TR[4]/TD[3]/P", "Text": "NCE ", "TextSize": 9.0, "attributes": {"LineHeight": 10.75}}, {"Bounds": [373.27000427246094, 450.23500061035156, 400.27000427246094, 460.6390075683594], "ObjectID": 283, "Page": 0, "Path": "//Document/Sect/Table/TR[4]/TD[4]", "attributes": {"BBox": [356.74499999999534, 444.80599999999686, 414.10299999998824, 465.2049999999872], "BlockAlign": "Middle", "BorderColor": [0, 0, 0], "BorderStyle": "Solid", "BorderThickness": 0.25, "ColIndex": 4, "Height": 20.375, "InlineAlign": "Center", "RowIndex": 3, "Width": 57.375}}, {"Bounds": [373.27000427246094, 450.23500061035156, 400.27000427246094, 460.6390075683594], "Font": {"alt_family_name": "Helvetica", "embedded": false, "encoding": "WinAnsiEncoding", "family_name": "Helvetica", "font_type": "Type1", "italic": false, "monospaced": false, "name": "Helvetica", "subset": false, "weight": 400}, "HasClip": false, "Lang": "en", "ObjectID": 45, "Page": 0, "Path": "//Document/Sect/Table/TR[4]/TD[4]/P", "Text": "LFMN ", "TextSize": 9.0, "attributes": {"LineHeight": 10.75}}, {"Bounds": [416.6999969482422, 450.23500061035156, 666.7830200195312, 460.6390075683594], "ObjectID": 284, "Page": 0, "Path": "//Document/Sect/Table/TR[4]/TD[5]", "attributes": {"BBox": [413.502999999997, 444.80599999999686, 808.6469999999972, 465.2049999999872], "BlockAlign": "Middle", "BorderColor": [0, 0, 0], "BorderStyle": "Solid", "BorderThickness": [0.25, 0.25, 0.25, 0.5], "ColIndex": 5, "Height": 20.375, "InlineAlign": "Start", "RowIndex": 3, "Width": 395.125}}, {"Bounds": [416.6999969482422, 450.23500061035156, 666.7830200195312, 460.6390075683594], "Font": {"alt_family_name": "Helvetica", "embedded": false, "encoding": "WinAnsiEncoding", "family_name": "Helvetica", "font_type": "Type1", "italic": false, "monospaced": false, "name": "Helvetica", "subset": false, "weight": 400}, "HasClip": false, "Lang": "en", "ObjectID": 46, "Page": 0, "Path": "//Document/Sect/Table/TR[4]/TD[5]/P", "Text": "The third-busiest airport in France, serving the French Riviera. ", "TextSize": 9.0, "attributes": {"LineHeight": 10.75}}, {"Bounds": [40.02000427246094, 430.39500427246094, 47.5260009765625, 440.7989959716797], "ObjectID": 255, "Page": 0, "Path": "//Document/Sect/Table/TR[5]/TH", "attributes": {"BBox": [27.598899999999958, 425.0069999999978, 56.877699999999095, 445.4059999999881], "BlockAlign": "Middle", "BorderColor": [0, 0, 0], "BorderStyle": "Solid", "BorderThickness": [0.25, 0.25, 0.5, 0.25], "ColIndex": 0, "Height": 20.375, "InlineAlign": "Center", "RowIndex": 4, "Width": 29.25}}, {"Bounds": [40.02000427246094, 430.39500427246094, 47.5260009765625, 440.7989959716797], "Font": {"alt_family_name": "Helvetica", "embedded": false, "encoding": "WinAnsiEncoding", "family_name": "Helvetica", "font_type": "Type1", "italic": false, "monospaced": false, "name": "Helvetica", "subset": false, "weight": 400}, "HasClip": false, "Lang": "en", "ObjectID": 47, "Page": 0, "Path": "//Document/Sect/Table/TR[5]/TH/P", "Text": "4 ", "TextSize": 9.0, "attributes": {"LineHeight": 10.75}}, {"Bounds": [59.529998779296875, 430.39500427246094, 170.06797790527344, 440.7989959716797], "ObjectID": 256, "Page": 0, "Path": "//Document/Sect/Table/TR[5]/TD", "attributes": {"BBox": [56.27769999999873, 425.0069999999978, 241.18999999999505, 445.4059999999881], "BlockAlign": "Middle", "BorderColor": [0, 0, 0], "BorderStyle": "Solid", "BorderThickness": 0.25, "ColIndex": 1, "Height": 20.375, "InlineAlign": "Start", "RowIndex": 4, "Width": 184.875}}, {"Bounds": [59.529998779296875, 430.39500427246094, 170.06797790527344, 440.7989959716797], "Font": {"alt_family_name": "Helvetica", "embedded": false, "encoding": "WinAnsiEncoding", "family_name": "Helvetica", "font_type": "Type1", "italic": false, "monospaced": false, "name": "Helvetica", "subset": false, "weight": 400}, "HasClip": false, "Lang": "en", "ObjectID": 48, "Page": 0, "Path": "//Document/Sect/Table/TR[5]/TD/P", "Text": "Lyon-Saint-Exup\u00e9ry Airport ", "TextSize": 9.0, "attributes": {"LineHeight": 10.75}}, {"Bounds": [243.77999877929688, 430.39500427246094, 265.7939910888672, 440.7989959716797], "ObjectID": 257, "Page": 0, "Path": "//Document/Sect/Table/TR[5]/TD[2]", "attributes": {"BBox": [240.5899999999965, 425.0069999999978, 300.7079999999987, 445.4059999999881], "BlockAlign": "Middle", "BorderColor": [0, 0, 0], "BorderStyle": "Solid", "BorderThickness": 0.25, "ColIndex": 2, "Height": 20.375, "InlineAlign": "Start", "RowIndex": 4, "Width": 60.125}}, {"Bounds": [243.77999877929688, 430.39500427246094, 265.7939910888672, 440.7989959716797], "Font": {"alt_family_name": "Helvetica", "embedded": false, "encoding": "WinAnsiEncoding", "family_name": "Helvetica", "font_type": "Type1", "italic": false, "monospaced": false, "name": "Helvetica", "subset": false, "weight": 400}, "HasClip": false, "Lang": "en", "ObjectID": 49, "Page": 0, "Path": "//Document/Sect/Table/TR[5]/TD[2]/P", "Text": "Lyon ", "TextSize": 9.0, "attributes": {"LineHeight": 10.75}}, {"Bounds": [320.32000732421875, 430.39500427246094, 339.8320007324219, 440.7989959716797], "ObjectID": 258, "Page": 0, "Path": "//Document/Sect/Table/TR[5]/TD[3]", "attributes": {"BBox": [300.1079999999929, 425.0069999999978, 357.3449999999866, 445.4059999999881], "BlockAlign": "Middle", "BorderColor": [0, 0, 0], "BorderStyle": "Solid", "BorderThickness": 0.25, "ColIndex": 3, "Height": 20.375, "InlineAlign": "Center", "RowIndex": 4, "Width": 57.25}}, {"Bounds": [320.32000732421875, 430.39500427246094, 339.8320007324219, 440.7989959716797], "Font": {"alt_family_name": "Helvetica", "embedded": false, "encoding": "WinAnsiEncoding", "family_name": "Helvetica", "font_type": "Type1", "italic": false, "monospaced": false, "name": "Helvetica", "subset": false, "weight": 400}, "HasClip": false, "Lang": "da", "ObjectID": 50, "Page": 0, "Path": "//Document/Sect/Table/TR[5]/TD[3]/P", "Text": "LYS ", "TextSize": 9.0, "attributes": {"LineHeight": 10.75}}, {"Bounds": [375.25999450683594, 430.39500427246094, 398.27305603027344, 440.7989959716797], "ObjectID": 259, "Page": 0, "Path": "//Document/Sect/Table/TR[5]/TD[4]", "attributes": {"BBox": [356.74499999999534, 425.0069999999978, 414.10299999998824, 445.4059999999881], "BlockAlign": "Middle", "BorderColor": [0, 0, 0], "BorderStyle": "Solid", "BorderThickness": 0.25, "ColIndex": 4, "Height": 20.375, "InlineAlign": "Center", "RowIndex": 4, "Width": 57.375}}, {"Bounds": [375.25999450683594, 430.39500427246094, 398.27305603027344, 440.7989959716797], "Font": {"alt_family_name": "Helvetica", "embedded": false, "encoding": "WinAnsiEncoding", "family_name": "Helvetica", "font_type": "Type1", "italic": false, "monospaced": false, "name": "Helvetica", "subset": false, "weight": 400}, "HasClip": false, "Lang": "en", "ObjectID": 51, "Page": 0, "Path": "//Document/Sect/Table/TR[5]/TD[4]/P", "Text": "LFLL ", "TextSize": 9.0, "attributes": {"LineHeight": 10.75}}, {"Bounds": [416.6999969482422, 430.39500427246094, 704.8349914550781, 440.7989959716797], "ObjectID": 260, "Page": 0, "Path": "//Document/Sect/Table/TR[5]/TD[5]", "attributes": {"BBox": [413.502999999997, 425.0069999999978, 808.6469999999972, 445.4059999999881], "BlockAlign": "Middle", "BorderColor": [0, 0, 0], "BorderStyle": "Solid", "BorderThickness": [0.25, 0.25, 0.25, 0.5], "ColIndex": 5, "Height": 20.375, "InlineAlign": "Start", "RowIndex": 4, "Width": 395.125}}, {"Bounds": [416.6999969482422, 430.39500427246094, 704.8349914550781, 440.7989959716797], "Font": {"alt_family_name": "Helvetica", "embedded": false, "encoding": "WinAnsiEncoding", "family_name": "Helvetica", "font_type": "Type1", "italic": false, "monospaced": false, "name": "Helvetica", "subset": false, "weight": 400}, "HasClip": false, "Lang": "en", "ObjectID": 52, "Page": 0, "Path": "//Document/Sect/Table/TR[5]/TD[5]/P", "Text": "A key airport in southeastern France with strong European connections. ", "TextSize": 9.0, "attributes": {"LineHeight": 10.75}}, {"Bounds": [40.02000427246094, 410.55499267578125, 47.5260009765625, 420.95899963378906], "ObjectID": 231, "Page": 0, "Path": "//Document/Sect/Table/TR[6]/TH", "attributes": {"BBox": [27.598899999999958, 405.0879999999888, 56.877699999999095, 425.60699999998906], "BlockAlign": "Middle", "BorderColor": [0, 0, 0], "BorderStyle": "Solid", "BorderThickness": [0.25, 0.25, 0.5, 0.25], "ColIndex": 0, "Height": 20.5, "InlineAlign": "Center", "RowIndex": 5, "Width": 29.25}}, {"Bounds": [40.02000427246094, 410.55499267578125, 47.5260009765625, 420.95899963378906], "Font": {"alt_family_name": "Helvetica", "embedded": false, "encoding": "WinAnsiEncoding", "family_name": "Helvetica", "font_type": "Type1", "italic": false, "monospaced": false, "name": "Helvetica", "subset": false, "weight": 400}, "HasClip": false, "Lang": "en", "ObjectID": 53, "Page": 0, "Path": "//Document/Sect/Table/TR[6]/TH/P", "Text": "5 ", "TextSize": 9.0, "attributes": {"LineHeight": 10.75}}, {"Bounds": [59.529998779296875, 410.55499267578125, 167.5570526123047, 420.95899963378906], "ObjectID": 232, "Page": 0, "Path": "//Document/Sect/Table/TR[6]/TD", "attributes": {"BBox": [56.27769999999873, 405.0879999999888, 241.18999999999505, 425.60699999998906], "BlockAlign": "Middle", "BorderColor": [0, 0, 0], "BorderStyle": "Solid", "BorderThickness": 0.25, "ColIndex": 1, "Height": 20.5, "InlineAlign": "Start", "RowIndex": 5, "Width": 184.875}}, {"Bounds": [59.529998779296875, 410.55499267578125, 167.5570526123047, 420.95899963378906], "Font": {"alt_family_name": "Helvetica", "embedded": false, "encoding": "WinAnsiEncoding", "family_name": "Helvetica", "font_type": "Type1", "italic": false, "monospaced": false, "name": "Helvetica", "subset": false, "weight": 400}, "HasClip": false, "Lang": "en", "ObjectID": 54, "Page": 0, "Path": "//Document/Sect/Table/TR[6]/TD/P", "Text": "Marseille Provence Airport ", "TextSize": 9.0, "attributes": {"LineHeight": 10.75}}, {"Bounds": [243.77999877929688, 410.55499267578125, 282.28199768066406, 420.95899963378906], "ObjectID": 233, "Page": 0, "Path": "//Document/Sect/Table/TR[6]/TD[2]", "attributes": {"BBox": [240.5899999999965, 405.0879999999888, 300.7079999999987, 425.60699999998906], "BlockAlign": "Middle", "BorderColor": [0, 0, 0], "BorderStyle": "Solid", "BorderThickness": 0.25, "ColIndex": 2, "Height": 20.5, "InlineAlign": "Start", "RowIndex": 5, "Width": 60.125}}, {"Bounds": [243.77999877929688, 410.55499267578125, 282.28199768066406, 420.95899963378906], "Font": {"alt_family_name": "Helvetica", "embedded": false, "encoding": "WinAnsiEncoding", "family_name": "Helvetica", "font_type": "Type1", "italic": false, "monospaced": false, "name": "Helvetica", "subset": false, "weight": 400}, "HasClip": false, "Lang": "en", "ObjectID": 55, "Page": 0, "Path": "//Document/Sect/Table/TR[6]/TD[2]/P", "Text": "Marseille ", "TextSize": 9.0, "attributes": {"LineHeight": 10.75}}, {"Bounds": [318.82000732421875, 410.55499267578125, 341.32000732421875, 420.95899963378906], "ObjectID": 234, "Page": 0, "Path": "//Document/Sect/Table/TR[6]/TD[3]", "attributes": {"BBox": [300.1079999999929, 405.0879999999888, 357.3449999999866, 425.60699999998906], "BlockAlign": "Middle", "BorderColor": [0, 0, 0], "BorderStyle": "Solid", "BorderThickness": 0.25, "ColIndex": 3, "Height": 20.5, "InlineAlign": "Center", "RowIndex": 5, "Width": 57.25}}, {"Bounds": [318.82000732421875, 410.55499267578125, 341.32000732421875, 420.95899963378906], "Font": {"alt_family_name": "Helvetica", "embedded": false, "encoding": "WinAnsiEncoding", "family_name": "Helvetica", "font_type": "Type1", "italic": false, "monospaced": false, "name": "Helvetica", "subset": false, "weight": 400}, "HasClip": false, "Lang": "en", "ObjectID": 56, "Page": 0, "Path": "//Document/Sect/Table/TR[6]/TD[3]/P", "Text": "MRS ", "TextSize": 9.0, "attributes": {"LineHeight": 10.75}}, {"Bounds": [374.00999450683594, 410.55499267578125, 399.5159912109375, 420.95899963378906], "ObjectID": 235, "Page": 0, "Path": "//Document/Sect/Table/TR[6]/TD[4]", "attributes": {"BBox": [356.74499999999534, 405.0879999999888, 414.10299999998824, 425.60699999998906], "BlockAlign": "Middle", "BorderColor": [0, 0, 0], "BorderStyle": "Solid", "BorderThickness": 0.25, "ColIndex": 4, "Height": 20.5, "InlineAlign": "Center", "RowIndex": 5, "Width": 57.375}}, {"Bounds": [374.00999450683594, 410.55499267578125, 399.5159912109375, 420.95899963378906], "Font": {"alt_family_name": "Helvetica", "embedded": false, "encoding": "WinAnsiEncoding", "family_name": "Helvetica", "font_type": "Type1", "italic": false, "monospaced": false, "name": "Helvetica", "subset": false, "weight": 400}, "HasClip": false, "Lang": "en", "ObjectID": 57, "Page": 0, "Path": "//Document/Sect/Table/TR[6]/TD[4]/P", "Text": "LFML ", "TextSize": 9.0, "attributes": {"LineHeight": 10.75}}, {"Bounds": [416.6999969482422, 410.55499267578125, 673.8119354248047, 420.95899963378906], "ObjectID": 236, "Page": 0, "Path": "//Document/Sect/Table/TR[6]/TD[5]", "attributes": {"BBox": [413.502999999997, 405.0879999999888, 808.6469999999972, 425.60699999998906], "BlockAlign": "Middle", "BorderColor": [0, 0, 0], "BorderStyle": "Solid", "BorderThickness": [0.25, 0.25, 0.25, 0.5], "ColIndex": 5, "Height": 20.5, "InlineAlign": "Start", "RowIndex": 5, "Width": 395.125}}, {"Bounds": [416.6999969482422, 410.55499267578125, 673.8119354248047, 420.95899963378906], "Font": {"alt_family_name": "Helvetica", "embedded": false, "encoding": "WinAnsiEncoding", "family_name": "Helvetica", "font_type": "Type1", "italic": false, "monospaced": false, "name": "Helvetica", "subset": false, "weight": 400}, "HasClip": false, "Lang": "en", "ObjectID": 58, "Page": 0, "Path": "//Document/Sect/Table/TR[6]/TD[5]/P", "Text": "The main airport of Provence, serving international destinations. ", "TextSize": 9.0, "attributes": {"LineHeight": 10.75}}, {"Bounds": [40.02000427246094, 390.7050018310547, 47.5260009765625, 401.10899353027344], "ObjectID": 207, "Page": 0, "Path": "//Document/Sect/Table/TR[7]/TH", "attributes": {"BBox": [27.598899999999958, 385.28899999998976, 56.877699999999095, 405.68799999999464], "BlockAlign": "Middle", "BorderColor": [0, 0, 0], "BorderStyle": "Solid", "BorderThickness": [0.25, 0.25, 0.5, 0.25], "ColIndex": 0, "Height": 20.375, "InlineAlign": "Center", "RowIndex": 6, "Width": 29.25}}, {"Bounds": [40.02000427246094, 390.7050018310547, 47.5260009765625, 401.10899353027344], "Font": {"alt_family_name": "Helvetica", "embedded": false, "encoding": "WinAnsiEncoding", "family_name": "Helvetica", "font_type": "Type1", "italic": false, "monospaced": false, "name": "Helvetica", "subset": false, "weight": 400}, "HasClip": false, "Lang": "en", "ObjectID": 59, "Page": 0, "Path": "//Document/Sect/Table/TR[7]/TH/P", "Text": "6 ", "TextSize": 9.0, "attributes": {"LineHeight": 10.75}}, {"Bounds": [59.529998779296875, 390.7050018310547, 163.56997680664062, 401.10899353027344], "ObjectID": 208, "Page": 0, "Path": "//Document/Sect/Table/TR[7]/TD", "attributes": {"BBox": [56.27769999999873, 385.28899999998976, 241.18999999999505, 405.68799999999464], "BlockAlign": "Middle", "BorderColor": [0, 0, 0], "BorderStyle": "Solid", "BorderThickness": 0.25, "ColIndex": 1, "Height": 20.375, "InlineAlign": "Start", "RowIndex": 6, "Width": 184.875}}, {"Bounds": [59.529998779296875, 390.7050018310547, 163.56997680664062, 401.10899353027344], "Font": {"alt_family_name": "Helvetica", "embedded": false, "encoding": "WinAnsiEncoding", "family_name": "Helvetica", "font_type": "Type1", "italic": false, "monospaced": false, "name": "Helvetica", "subset": false, "weight": 400}, "HasClip": false, "Lang": "fr", "ObjectID": 60, "Page": 0, "Path": "//Document/Sect/Table/TR[7]/TD/P", "Text": "Toulouse-Blagnac Airport ", "TextSize": 9.0, "attributes": {"LineHeight": 10.75}}, {"Bounds": [243.77999877929688, 390.7050018310547, 283.29905700683594, 401.10899353027344], "ObjectID": 209, "Page": 0, "Path": "//Document/Sect/Table/TR[7]/TD[2]", "attributes": {"BBox": [240.5899999999965, 385.28899999998976, 300.7079999999987, 405.68799999999464], "BlockAlign": "Middle", "BorderColor": [0, 0, 0], "BorderStyle": "Solid", "BorderThickness": 0.25, "ColIndex": 2, "Height": 20.375, "InlineAlign": "Start", "RowIndex": 6, "Width": 60.125}}, {"Bounds": [243.77999877929688, 390.7050018310547, 283.29905700683594, 401.10899353027344], "Font": {"alt_family_name": "Helvetica", "embedded": false, "encoding": "WinAnsiEncoding", "family_name": "Helvetica", "font_type": "Type1", "italic": false, "monospaced": false, "name": "Helvetica", "subset": false, "weight": 400}, "HasClip": false, "Lang": "en", "ObjectID": 61, "Page": 0, "Path": "//Document/Sect/Table/TR[7]/TD[2]/P", "Text": "Toulouse ", "TextSize": 9.0, "attributes": {"LineHeight": 10.75}}, {"Bounds": [320.57000732421875, 390.7050018310547, 339.5780029296875, 401.10899353027344], "ObjectID": 210, "Page": 0, "Path": "//Document/Sect/Table/TR[7]/TD[3]", "attributes": {"BBox": [300.1079999999929, 385.28899999998976, 357.3449999999866, 405.68799999999464], "BlockAlign": "Middle", "BorderColor": [0, 0, 0], "BorderStyle": "Solid", "BorderThickness": 0.25, "ColIndex": 3, "Height": 20.375, "InlineAlign": "Center", "RowIndex": 6, "Width": 57.25}}, {"Bounds": [320.57000732421875, 390.7050018310547, 339.5780029296875, 401.10899353027344], "Font": {"alt_family_name": "Helvetica", "embedded": false, "encoding": "WinAnsiEncoding", "family_name": "Helvetica", "font_type": "Type1", "italic": false, "monospaced": false, "name": "Helvetica", "subset": false, "weight": 400}, "HasClip": false, "Lang": "en", "ObjectID": 62, "Page": 0, "Path": "//Document/Sect/Table/TR[7]/TD[3]/P", "Text": "TLS ", "TextSize": 9.0, "attributes": {"LineHeight": 10.75}}, {"Bounds": [373.75999450683594, 390.7050018310547, 399.7699890136719, 401.10899353027344], "ObjectID": 211, "Page": 0, "Path": "//Document/Sect/Table/TR[7]/TD[4]", "attributes": {"BBox": [356.74499999999534, 385.28899999998976, 414.10299999998824, 405.68799999999464], "BlockAlign": "Middle", "BorderColor": [0, 0, 0], "BorderStyle": "Solid", "BorderThickness": 0.25, "ColIndex": 4, "Height": 20.375, "InlineAlign": "Center", "RowIndex": 6, "Width": 57.375}}, {"Bounds": [373.75999450683594, 390.7050018310547, 399.7699890136719, 401.10899353027344], "Font": {"alt_family_name": "Helvetica", "embedded": false, "encoding": "WinAnsiEncoding", "family_name": "Helvetica", "font_type": "Type1", "italic": false, "monospaced": false, "name": "Helvetica", "subset": false, "weight": 400}, "HasClip": false, "Lang": "en", "ObjectID": 63, "Page": 0, "Path": "//Document/Sect/Table/TR[7]/TD[4]/P", "Text": "LFBO ", "TextSize": 9.0, "attributes": {"LineHeight": 10.75}}, {"Bounds": [416.6999969482422, 390.7050018310547, 696.3119354248047, 401.10899353027344], "ObjectID": 212, "Page": 0, "Path": "//Document/Sect/Table/TR[7]/TD[5]", "attributes": {"BBox": [413.502999999997, 385.28899999998976, 808.6469999999972, 405.68799999999464], "BlockAlign": "Middle", "BorderColor": [0, 0, 0], "BorderStyle": "Solid", "BorderThickness": [0.25, 0.25, 0.25, 0.5], "ColIndex": 5, "Height": 20.375, "InlineAlign": "Start", "RowIndex": 6, "Width": 395.125}}, {"Bounds": [416.6999969482422, 390.7050018310547, 696.3119354248047, 401.10899353027344], "Font": {"alt_family_name": "Helvetica", "embedded": false, "encoding": "WinAnsiEncoding", "family_name": "Helvetica", "font_type": "Type1", "italic": false, "monospaced": false, "name": "Helvetica", "subset": false, "weight": 400}, "HasClip": false, "Lang": "en", "ObjectID": 64, "Page": 0, "Path": "//Document/Sect/Table/TR[7]/TD[5]/P", "Text": "A major airport in southwestern France, close to Airbus headquarters. ", "TextSize": 9.0, "attributes": {"LineHeight": 10.75}}, {"Bounds": [40.02000427246094, 370.86500549316406, 47.5260009765625, 381.2689971923828], "ObjectID": 183, "Page": 0, "Path": "//Document/Sect/Table/TR[8]/TH", "attributes": {"BBox": [27.598899999999958, 365.48899999998685, 56.877699999999095, 385.8889999999956], "BlockAlign": "Middle", "BorderColor": [0, 0, 0], "BorderStyle": "Solid", "BorderThickness": [0.25, 0.25, 0.5, 0.25], "ColIndex": 0, "Height": 20.375, "InlineAlign": "Center", "RowIndex": 7, "Width": 29.25}}, {"Bounds": [40.02000427246094, 370.86500549316406, 47.5260009765625, 381.2689971923828], "Font": {"alt_family_name": "Helvetica", "embedded": false, "encoding": "WinAnsiEncoding", "family_name": "Helvetica", "font_type": "Type1", "italic": false, "monospaced": false, "name": "Helvetica", "subset": false, "weight": 400}, "HasClip": false, "Lang": "en", "ObjectID": 65, "Page": 0, "Path": "//Document/Sect/Table/TR[8]/TH/P", "Text": "7 ", "TextSize": 9.0, "attributes": {"LineHeight": 10.75}}, {"Bounds": [59.529998779296875, 370.86500549316406, 169.56398010253906, 381.2689971923828], "ObjectID": 184, "Page": 0, "Path": "//Document/Sect/Table/TR[8]/TD", "attributes": {"BBox": [56.27769999999873, 365.48899999998685, 241.18999999999505, 385.8889999999956], "BlockAlign": "Middle", "BorderColor": [0, 0, 0], "BorderStyle": "Solid", "BorderThickness": 0.25, "ColIndex": 1, "Height": 20.375, "InlineAlign": "Start", "RowIndex": 7, "Width": 184.875}}, {"Bounds": [59.529998779296875, 370.86500549316406, 169.56398010253906, 381.2689971923828], "Font": {"alt_family_name": "Helvetica", "embedded": false, "encoding": "WinAnsiEncoding", "family_name": "Helvetica", "font_type": "Type1", "italic": false, "monospaced": false, "name": "Helvetica", "subset": false, "weight": 400}, "HasClip": false, "Lang": "fr", "ObjectID": 66, "Page": 0, "Path": "//Document/Sect/Table/TR[8]/TD/P", "Text": "Bordeaux-M\u00e9rignac Airport ", "TextSize": 9.0, "attributes": {"LineHeight": 10.75}}, {"Bounds": [243.77999877929688, 370.86500549316406, 284.80198669433594, 381.2689971923828], "ObjectID": 185, "Page": 0, "Path": "//Document/Sect/Table/TR[8]/TD[2]", "attributes": {"BBox": [240.5899999999965, 365.48899999998685, 300.7079999999987, 385.8889999999956], "BlockAlign": "Middle", "BorderColor": [0, 0, 0], "BorderStyle": "Solid", "BorderThickness": 0.25, "ColIndex": 2, "Height": 20.375, "InlineAlign": "Start", "RowIndex": 7, "Width": 60.125}}, {"Bounds": [243.77999877929688, 370.86500549316406, 284.80198669433594, 381.2689971923828], "Font": {"alt_family_name": "Helvetica", "embedded": false, "encoding": "WinAnsiEncoding", "family_name": "Helvetica", "font_type": "Type1", "italic": false, "monospaced": false, "name": "Helvetica", "subset": false, "weight": 400}, "HasClip": false, "Lang": "en", "ObjectID": 67, "Page": 0, "Path": "//Document/Sect/Table/TR[8]/TD[2]/P", "Text": "Bordeaux ", "TextSize": 9.0, "attributes": {"LineHeight": 10.75}}, {"Bounds": [319.07000732421875, 370.86500549316406, 341.0750732421875, 381.2689971923828], "ObjectID": 186, "Page": 0, "Path": "//Document/Sect/Table/TR[8]/TD[3]", "attributes": {"BBox": [300.1079999999929, 365.48899999998685, 357.3449999999866, 385.8889999999956], "BlockAlign": "Middle", "BorderColor": [0, 0, 0], "BorderStyle": "Solid", "BorderThickness": 0.25, "ColIndex": 3, "Height": 20.375, "InlineAlign": "Center", "RowIndex": 7, "Width": 57.25}}, {"Bounds": [319.07000732421875, 370.86500549316406, 341.0750732421875, 381.2689971923828], "Font": {"alt_family_name": "Helvetica", "embedded": false, "encoding": "WinAnsiEncoding", "family_name": "Helvetica", "font_type": "Type1", "italic": false, "monospaced": false, "name": "Helvetica", "subset": false, "weight": 400}, "HasClip": false, "Lang": "en", "ObjectID": 68, "Page": 0, "Path": "//Document/Sect/Table/TR[8]/TD[3]/P", "Text": "BOD ", "TextSize": 9.0, "attributes": {"LineHeight": 10.75}}, {"Bounds": [374.00999450683594, 370.86500549316406, 399.5159912109375, 381.2689971923828], "ObjectID": 187, "Page": 0, "Path": "//Document/Sect/Table/TR[8]/TD[4]", "attributes": {"BBox": [356.74499999999534, 365.48899999998685, 414.10299999998824, 385.8889999999956], "BlockAlign": "Middle", "BorderColor": [0, 0, 0], "BorderStyle": "Solid", "BorderThickness": 0.25, "ColIndex": 4, "Height": 20.375, "InlineAlign": "Center", "RowIndex": 7, "Width": 57.375}}, {"Bounds": [374.00999450683594, 370.86500549316406, 399.5159912109375, 381.2689971923828], "Font": {"alt_family_name": "Helvetica", "embedded": false, "encoding": "WinAnsiEncoding", "family_name": "Helvetica", "font_type": "Type1", "italic": false, "monospaced": false, "name": "Helvetica", "subset": false, "weight": 400}, "HasClip": false, "Lang": "en", "ObjectID": 69, "Page": 0, "Path": "//Document/Sect/Table/TR[8]/TD[4]/P", "Text": "LFBD ", "TextSize": 9.0, "attributes": {"LineHeight": 10.75}}, {"Bounds": [416.6999969482422, 370.86500549316406, 638.3070068359375, 381.2689971923828], "ObjectID": 188, "Page": 0, "Path": "//Document/Sect/Table/TR[8]/TD[5]", "attributes": {"BBox": [413.502999999997, 365.48899999998685, 808.6469999999972, 385.8889999999956], "BlockAlign": "Middle", "BorderColor": [0, 0, 0], "BorderStyle": "Solid", "BorderThickness": [0.25, 0.25, 0.25, 0.5], "ColIndex": 5, "Height": 20.375, "InlineAlign": "Start", "RowIndex": 7, "Width": 395.125}}, {"Bounds": [416.6999969482422, 370.86500549316406, 638.3070068359375, 381.2689971923828], "Font": {"alt_family_name": "Helvetica", "embedded": false, "encoding": "WinAnsiEncoding", "family_name": "Helvetica", "font_type": "Type1", "italic": false, "monospaced": false, "name": "Helvetica", "subset": false, "weight": 400}, "HasClip": false, "Lang": "en", "ObjectID": 70, "Page": 0, "Path": "//Document/Sect/Table/TR[8]/TD[5]/P", "Text": "An important hub for flights to Europe and North Africa. ", "TextSize": 9.0, "attributes": {"LineHeight": 10.75}}, {"Bounds": [40.02000427246094, 351.0249938964844, 47.5260009765625, 361.4290008544922], "ObjectID": 159, "Page": 0, "Path": "//Document/Sect/Table/TR[9]/TH", "attributes": {"BBox": [27.598899999999958, 345.56999999999243, 56.877699999999095, 366.08899999999267], "BlockAlign": "Middle", "BorderColor": [0, 0, 0], "BorderStyle": "Solid", "BorderThickness": [0.25, 0.25, 0.5, 0.25], "ColIndex": 0, "Height": 20.5, "InlineAlign": "Center", "RowIndex": 8, "Width": 29.25}}, {"Bounds": [40.02000427246094, 351.0249938964844, 47.5260009765625, 361.4290008544922], "Font": {"alt_family_name": "Helvetica", "embedded": false, "encoding": "WinAnsiEncoding", "family_name": "Helvetica", "font_type": "Type1", "italic": false, "monospaced": false, "name": "Helvetica", "subset": false, "weight": 400}, "HasClip": false, "Lang": "en", "ObjectID": 71, "Page": 0, "Path": "//Document/Sect/Table/TR[9]/TH/P", "Text": "8 ", "TextSize": 9.0, "attributes": {"LineHeight": 10.75}}, {"Bounds": [59.529998779296875, 351.0249938964844, 162.0759735107422, 361.4290008544922], "ObjectID": 160, "Page": 0, "Path": "//Document/Sect/Table/TR[9]/TD", "attributes": {"BBox": [56.27769999999873, 345.56999999999243, 241.18999999999505, 366.08899999999267], "BlockAlign": "Middle", "BorderColor": [0, 0, 0], "BorderStyle": "Solid", "BorderThickness": 0.25, "ColIndex": 1, "Height": 20.5, "InlineAlign": "Start", "RowIndex": 8, "Width": 184.875}}, {"Bounds": [59.529998779296875, 351.0249938964844, 162.0759735107422, 361.4290008544922], "Font": {"alt_family_name": "Helvetica", "embedded": false, "encoding": "WinAnsiEncoding", "family_name": "Helvetica", "font_type": "Type1", "italic": false, "monospaced": false, "name": "Helvetica", "subset": false, "weight": 400}, "HasClip": false, "Lang": "en", "ObjectID": 72, "Page": 0, "Path": "//Document/Sect/Table/TR[9]/TD/P", "Text": "Nantes Atlantique Airport ", "TextSize": 9.0, "attributes": {"LineHeight": 10.75}}, {"Bounds": [243.77999877929688, 351.0249938964844, 274.7939910888672, 361.4290008544922], "ObjectID": 161, "Page": 0, "Path": "//Document/Sect/Table/TR[9]/TD[2]", "attributes": {"BBox": [240.5899999999965, 345.56999999999243, 300.7079999999987, 366.08899999999267], "BlockAlign": "Middle", "BorderColor": [0, 0, 0], "BorderStyle": "Solid", "BorderThickness": 0.25, "ColIndex": 2, "Height": 20.5, "InlineAlign": "Start", "RowIndex": 8, "Width": 60.125}}, {"Bounds": [243.77999877929688, 351.0249938964844, 274.7939910888672, 361.4290008544922], "Font": {"alt_family_name": "Helvetica", "embedded": false, "encoding": "WinAnsiEncoding", "family_name": "Helvetica", "font_type": "Type1", "italic": false, "monospaced": false, "name": "Helvetica", "subset": false, "weight": 400}, "HasClip": false, "Lang": "en", "ObjectID": 73, "Page": 0, "Path": "//Document/Sect/Table/TR[9]/TD[2]/P", "Text": "Nantes ", "TextSize": 9.0, "attributes": {"LineHeight": 10.75}}, {"Bounds": [319.82000732421875, 351.0249938964844, 340.32200622558594, 361.4290008544922], "ObjectID": 162, "Page": 0, "Path": "//Document/Sect/Table/TR[9]/TD[3]", "attributes": {"BBox": [300.1079999999929, 345.56999999999243, 357.3449999999866, 366.08899999999267], "BlockAlign": "Middle", "BorderColor": [0, 0, 0], "BorderStyle": "Solid", "BorderThickness": 0.25, "ColIndex": 3, "Height": 20.5, "InlineAlign": "Center", "RowIndex": 8, "Width": 57.25}}, {"Bounds": [319.82000732421875, 351.0249938964844, 340.32200622558594, 361.4290008544922], "Font": {"alt_family_name": "Helvetica", "embedded": false, "encoding": "WinAnsiEncoding", "family_name": "Helvetica", "font_type": "Type1", "italic": false, "monospaced": false, "name": "Helvetica", "subset": false, "weight": 400}, "HasClip": false, "Lang": "en", "ObjectID": 74, "Page": 0, "Path": "//Document/Sect/Table/TR[9]/TD[3]/P", "Text": "NTE ", "TextSize": 9.0, "attributes": {"LineHeight": 10.75}}, {"Bounds": [374.00999450683594, 351.0249938964844, 399.5159912109375, 361.4290008544922], "ObjectID": 163, "Page": 0, "Path": "//Document/Sect/Table/TR[9]/TD[4]", "attributes": {"BBox": [356.74499999999534, 345.56999999999243, 414.10299999998824, 366.08899999999267], "BlockAlign": "Middle", "BorderColor": [0, 0, 0], "BorderStyle": "Solid", "BorderThickness": 0.25, "ColIndex": 4, "Height": 20.5, "InlineAlign": "Center", "RowIndex": 8, "Width": 57.375}}, {"Bounds": [374.00999450683594, 351.0249938964844, 399.5159912109375, 361.4290008544922], "Font": {"alt_family_name": "Helvetica", "embedded": false, "encoding": "WinAnsiEncoding", "family_name": "Helvetica", "font_type": "Type1", "italic": false, "monospaced": false, "name": "Helvetica", "subset": false, "weight": 400}, "HasClip": false, "Lang": "en", "ObjectID": 75, "Page": 0, "Path": "//Document/Sect/Table/TR[9]/TD[4]/P", "Text": "LFRS ", "TextSize": 9.0, "attributes": {"LineHeight": 10.75}}, {"Bounds": [416.6999969482422, 351.0249938964844, 749.8260650634766, 361.4290008544922], "ObjectID": 164, "Page": 0, "Path": "//Document/Sect/Table/TR[9]/TD[5]", "attributes": {"BBox": [413.502999999997, 345.56999999999243, 808.6469999999972, 366.08899999999267], "BlockAlign": "Middle", "BorderColor": [0, 0, 0], "BorderStyle": "Solid", "BorderThickness": [0.25, 0.25, 0.25, 0.5], "ColIndex": 5, "Height": 20.5, "InlineAlign": "Start", "RowIndex": 8, "Width": 395.125}}, {"Bounds": [416.6999969482422, 351.0249938964844, 749.8260650634766, 361.4290008544922], "Font": {"alt_family_name": "Helvetica", "embedded": false, "encoding": "WinAnsiEncoding", "family_name": "Helvetica", "font_type": "Type1", "italic": false, "monospaced": false, "name": "Helvetica", "subset": false, "weight": 400}, "HasClip": false, "Lang": "en", "ObjectID": 76, "Page": 0, "Path": "//Document/Sect/Table/TR[9]/TD[5]/P", "Text": "A growing airport in western France with a mix of domestic and international flights. ", "TextSize": 9.0, "attributes": {"LineHeight": 10.75}}, {"Bounds": [40.02000427246094, 331.18499755859375, 47.5260009765625, 341.58900451660156], "ObjectID": 135, "Page": 0, "Path": "//Document/Sect/Table/TR[10]/TH", "attributes": {"BBox": [27.598899999999958, 325.77099999999336, 56.877699999999095, 346.16999999999825], "BlockAlign": "Middle", "BorderColor": [0, 0, 0], "BorderStyle": "Solid", "BorderThickness": [0.25, 0.25, 0.5, 0.25], "ColIndex": 0, "Height": 20.375, "InlineAlign": "Center", "RowIndex": 9, "Width": 29.25}}, {"Bounds": [40.02000427246094, 331.18499755859375, 47.5260009765625, 341.58900451660156], "Font": {"alt_family_name": "Helvetica", "embedded": false, "encoding": "WinAnsiEncoding", "family_name": "Helvetica", "font_type": "Type1", "italic": false, "monospaced": false, "name": "Helvetica", "subset": false, "weight": 400}, "HasClip": false, "Lang": "en", "ObjectID": 77, "Page": 0, "Path": "//Document/Sect/Table/TR[10]/TH/P", "Text": "9 ", "TextSize": 9.0, "attributes": {"LineHeight": 10.75}}, {"Bounds": [59.529998779296875, 331.18499755859375, 107.04106140136719, 341.58900451660156], "ObjectID": 136, "Page": 0, "Path": "//Document/Sect/Table/TR[10]/TD", "attributes": {"BBox": [56.27769999999873, 325.77099999999336, 241.18999999999505, 346.16999999999825], "BlockAlign": "Middle", "BorderColor": [0, 0, 0], "BorderStyle": "Solid", "BorderThickness": 0.25, "ColIndex": 1, "Height": 20.375, "InlineAlign": "Start", "RowIndex": 9, "Width": 184.875}}, {"Bounds": [59.529998779296875, 331.18499755859375, 107.04106140136719, 341.58900451660156], "Font": {"alt_family_name": "Helvetica", "embedded": false, "encoding": "WinAnsiEncoding", "family_name": "Helvetica", "font_type": "Type1", "italic": false, "monospaced": false, "name": "Helvetica", "subset": false, "weight": 400}, "HasClip": false, "Lang": "da", "ObjectID": 78, "Page": 0, "Path": "//Document/Sect/Table/TR[10]/TD/P", "Text": "Lille Airport ", "TextSize": 9.0, "attributes": {"LineHeight": 10.75}}, {"Bounds": [243.77999877929688, 331.18499755859375, 262.28399658203125, 341.58900451660156], "ObjectID": 137, "Page": 0, "Path": "//Document/Sect/Table/TR[10]/TD[2]", "attributes": {"BBox": [240.5899999999965, 325.77099999999336, 300.7079999999987, 346.16999999999825], "BlockAlign": "Middle", "BorderColor": [0, 0, 0], "BorderStyle": "Solid", "BorderThickness": 0.25, "ColIndex": 2, "Height": 20.375, "InlineAlign": "Start", "RowIndex": 9, "Width": 60.125}}, {"Bounds": [243.77999877929688, 331.18499755859375, 262.28399658203125, 341.58900451660156], "Font": {"alt_family_name": "Helvetica", "embedded": false, "encoding": "WinAnsiEncoding", "family_name": "Helvetica", "font_type": "Type1", "italic": false, "monospaced": false, "name": "Helvetica", "subset": false, "weight": 400}, "HasClip": false, "Lang": "da", "ObjectID": 79, "Page": 0, "Path": "//Document/Sect/Table/TR[10]/TD[2]/P", "Text": "Lille ", "TextSize": 9.0, "attributes": {"LineHeight": 10.75}}, {"Bounds": [322.57000732421875, 331.18499755859375, 337.5820007324219, 341.58900451660156], "ObjectID": 138, "Page": 0, "Path": "//Document/Sect/Table/TR[10]/TD[3]", "attributes": {"BBox": [300.1079999999929, 325.77099999999336, 357.3449999999866, 346.16999999999825], "BlockAlign": "Middle", "BorderColor": [0, 0, 0], "BorderStyle": "Solid", "BorderThickness": 0.25, "ColIndex": 3, "Height": 20.375, "InlineAlign": "Center", "RowIndex": 9, "Width": 57.25}}, {"Bounds": [322.57000732421875, 331.18499755859375, 337.5820007324219, 341.58900451660156], "Font": {"alt_family_name": "Helvetica", "embedded": false, "encoding": "WinAnsiEncoding", "family_name": "Helvetica", "font_type": "Type1", "italic": false, "monospaced": false, "name": "Helvetica", "subset": false, "weight": 400}, "HasClip": false, "Lang": "en", "ObjectID": 80, "Page": 0, "Path": "//Document/Sect/Table/TR[10]/TD[3]/P", "Text": "LIL ", "TextSize": 9.0, "attributes": {"LineHeight": 10.75}}, {"Bounds": [373.25999450683594, 331.18499755859375, 400.26905822753906, 341.58900451660156], "ObjectID": 139, "Page": 0, "Path": "//Document/Sect/Table/TR[10]/TD[4]", "attributes": {"BBox": [356.74499999999534, 325.77099999999336, 414.10299999998824, 346.16999999999825], "BlockAlign": "Middle", "BorderColor": [0, 0, 0], "BorderStyle": "Solid", "BorderThickness": 0.25, "ColIndex": 4, "Height": 20.375, "InlineAlign": "Center", "RowIndex": 9, "Width": 57.375}}, {"Bounds": [373.25999450683594, 331.18499755859375, 400.26905822753906, 341.58900451660156], "Font": {"alt_family_name": "Helvetica", "embedded": false, "encoding": "WinAnsiEncoding", "family_name": "Helvetica", "font_type": "Type1", "italic": false, "monospaced": false, "name": "Helvetica", "subset": false, "weight": 400}, "HasClip": false, "Lang": "en", "ObjectID": 81, "Page": 0, "Path": "//Document/Sect/Table/TR[10]/TD[4]/P", "Text": "LFQQ ", "TextSize": 9.0, "attributes": {"LineHeight": 10.75}}, {"Bounds": [416.6999969482422, 331.18499755859375, 658.7999420166016, 341.58900451660156], "ObjectID": 140, "Page": 0, "Path": "//Document/Sect/Table/TR[10]/TD[5]", "attributes": {"BBox": [413.502999999997, 325.77099999999336, 808.6469999999972, 346.16999999999825], "BlockAlign": "Middle", "BorderColor": [0, 0, 0], "BorderStyle": "Solid", "BorderThickness": [0.25, 0.25, 0.25, 0.5], "ColIndex": 5, "Height": 20.375, "InlineAlign": "Start", "RowIndex": 9, "Width": 395.125}}, {"Bounds": [416.6999969482422, 331.18499755859375, 658.7999420166016, 341.58900451660156], "Font": {"alt_family_name": "Helvetica", "embedded": false, "encoding": "WinAnsiEncoding", "family_name": "Helvetica", "font_type": "Type1", "italic": false, "monospaced": false, "name": "Helvetica", "subset": false, "weight": 400}, "HasClip": false, "Lang": "en", "ObjectID": 82, "Page": 0, "Path": "//Document/Sect/Table/TR[10]/TD[5]/P", "Text": "A regional airport with connections to major European cities. ", "TextSize": 9.0, "attributes": {"LineHeight": 10.75}}, {"Bounds": [37.52000427246094, 311.3350067138672, 50.029998779296875, 321.73899841308594], "ObjectID": 111, "Page": 0, "Path": "//Document/Sect/Table/TR[11]/TH", "attributes": {"BBox": [27.598899999999958, 305.3719999999885, 56.877699999999095, 326.3709999999992], "BlockAlign": "Middle", "BorderColor": [0, 0, 0], "BorderStyle": "Solid", "BorderThickness": [0.25, 0.5, 0.5, 0.25], "ColIndex": 0, "Height": 21, "InlineAlign": "Center", "RowIndex": 10, "Width": 29.25}}, {"Bounds": [37.52000427246094, 311.3350067138672, 50.029998779296875, 321.73899841308594], "Font": {"alt_family_name": "Helvetica", "embedded": false, "encoding": "WinAnsiEncoding", "family_name": "Helvetica", "font_type": "Type1", "italic": false, "monospaced": false, "name": "Helvetica", "subset": false, "weight": 400}, "HasClip": false, "Lang": "en", "ObjectID": 83, "Page": 0, "Path": "//Document/Sect/Table/TR[11]/TH/P", "Text": "10 ", "TextSize": 9.0, "attributes": {"LineHeight": 10.75}}, {"Bounds": [59.529998779296875, 311.3350067138672, 135.0579833984375, 321.73899841308594], "ObjectID": 112, "Page": 0, "Path": "//Document/Sect/Table/TR[11]/TD", "attributes": {"BBox": [56.27769999999873, 305.3719999999885, 241.18999999999505, 326.3709999999992], "BlockAlign": "Middle", "BorderColor": [0, 0, 0], "BorderStyle": "Solid", "BorderThickness": [0.25, 0.5, 0.25, 0.25], "ColIndex": 1, "Height": 21, "InlineAlign": "Start", "RowIndex": 10, "Width": 184.875}}, {"Bounds": [59.529998779296875, 311.3350067138672, 135.0579833984375, 321.73899841308594], "Font": {"alt_family_name": "Helvetica", "embedded": false, "encoding": "WinAnsiEncoding", "family_name": "Helvetica", "font_type": "Type1", "italic": false, "monospaced": false, "name": "Helvetica", "subset": false, "weight": 400}, "HasClip": false, "Lang": "fr", "ObjectID": 84, "Page": 0, "Path": "//Document/Sect/Table/TR[11]/TD/P", "Text": "Strasbourg Airport ", "TextSize": 9.0, "attributes": {"LineHeight": 10.75}}, {"Bounds": [243.77999877929688, 311.3350067138672, 290.3010559082031, 321.73899841308594], "ObjectID": 113, "Page": 0, "Path": "//Document/Sect/Table/TR[11]/TD[2]", "attributes": {"BBox": [240.5899999999965, 305.3719999999885, 300.7079999999987, 326.3709999999992], "BlockAlign": "Middle", "BorderColor": [0, 0, 0], "BorderStyle": "Solid", "BorderThickness": [0.25, 0.5, 0.25, 0.25], "ColIndex": 2, "Height": 21, "InlineAlign": "Start", "RowIndex": 10, "Width": 60.125}}, {"Bounds": [243.77999877929688, 311.3350067138672, 290.3010559082031, 321.73899841308594], "Font": {"alt_family_name": "Helvetica", "embedded": false, "encoding": "WinAnsiEncoding", "family_name": "Helvetica", "font_type": "Type1", "italic": false, "monospaced": false, "name": "Helvetica", "subset": false, "weight": 400}, "HasClip": false, "Lang": "en", "ObjectID": 85, "Page": 0, "Path": "//Document/Sect/Table/TR[11]/TD[2]/P", "Text": "Strasbourg ", "TextSize": 9.0, "attributes": {"LineHeight": 10.75}}, {"Bounds": [319.82000732421875, 311.3350067138672, 340.33106994628906, 321.73899841308594], "ObjectID": 114, "Page": 0, "Path": "//Document/Sect/Table/TR[11]/TD[3]", "attributes": {"BBox": [300.1079999999929, 305.3719999999885, 357.3449999999866, 326.3709999999992], "BlockAlign": "Middle", "BorderColor": [0, 0, 0], "BorderStyle": "Solid", "BorderThickness": [0.25, 0.5, 0.25, 0.25], "ColIndex": 3, "Height": 21, "InlineAlign": "Center", "RowIndex": 10, "Width": 57.25}}, {"Bounds": [319.82000732421875, 311.3350067138672, 340.33106994628906, 321.73899841308594], "Font": {"alt_family_name": "Helvetica", "embedded": false, "encoding": "WinAnsiEncoding", "family_name": "Helvetica", "font_type": "Type1", "italic": false, "monospaced": false, "name": "Helvetica", "subset": false, "weight": 400}, "HasClip": false, "Lang": "en", "ObjectID": 86, "Page": 0, "Path": "//Document/Sect/Table/TR[11]/TD[3]/P", "Text": "SXB ", "TextSize": 9.0, "attributes": {"LineHeight": 10.75}}, {"Bounds": [374.50999450683594, 311.3350067138672, 399.0170593261719, 321.73899841308594], "ObjectID": 115, "Page": 0, "Path": "//Document/Sect/Table/TR[11]/TD[4]", "attributes": {"BBox": [356.74499999999534, 305.3719999999885, 414.10299999998824, 326.3709999999992], "BlockAlign": "Middle", "BorderColor": [0, 0, 0], "BorderStyle": "Solid", "BorderThickness": [0.25, 0.5, 0.25, 0.25], "ColIndex": 4, "Height": 21, "InlineAlign": "Center", "RowIndex": 10, "Width": 57.375}}, {"Bounds": [374.50999450683594, 311.3350067138672, 399.0170593261719, 321.73899841308594], "Font": {"alt_family_name": "Helvetica", "embedded": false, "encoding": "WinAnsiEncoding", "family_name": "Helvetica", "font_type": "Type1", "italic": false, "monospaced": false, "name": "Helvetica", "subset": false, "weight": 400}, "HasClip": false, "Lang": "en", "ObjectID": 87, "Page": 0, "Path": "//Document/Sect/Table/TR[11]/TD[4]/P", "Text": "LFST ", "TextSize": 9.0, "attributes": {"LineHeight": 10.75}}, {"Bounds": [416.6999969482422, 311.3350067138672, 718.3349914550781, 321.73899841308594], "ObjectID": 116, "Page": 0, "Path": "//Document/Sect/Table/TR[11]/TD[5]", "attributes": {"BBox": [413.502999999997, 305.3719999999885, 808.6469999999972, 326.3709999999992], "BlockAlign": "Middle", "BorderColor": [0, 0, 0], "BorderStyle": "Solid", "BorderThickness": [0.25, 0.5, 0.25, 0.5], "ColIndex": 5, "Height": 21, "InlineAlign": "Start", "RowIndex": 10, "Width": 395.125}}, {"Bounds": [416.6999969482422, 311.3350067138672, 718.3349914550781, 321.73899841308594], "Font": {"alt_family_name": "Helvetica", "embedded": false, "encoding": "WinAnsiEncoding", "family_name": "Helvetica", "font_type": "Type1", "italic": false, "monospaced": false, "name": "Helvetica", "subset": false, "weight": 400}, "HasClip": false, "Lang": "en", "ObjectID": 88, "Page": 0, "Path": "//Document/Sect/Table/TR[11]/TD[5]/P", "Text": "An airport in eastern France serving both domestic and international flights. ", "TextSize": 9.0, "attributes": {"LineHeight": 10.75}}, {"Bounds": [31.19000244140625, 278.2200012207031, 251.26995849609375, 289.7799987792969], "Font": {"alt_family_name": "Helvetica", "embedded": false, "encoding": "WinAnsiEncoding", "family_name": "Helvetica", "font_type": "Type1", "italic": true, "monospaced": false, "name": "Helvetica-Oblique", "subset": false, "weight": 400}, "HasClip": false, "Lang": "en", "ObjectID": 89, "Page": 0, "Path": "//Document/Sect/P", "Text": "Document Name: International Airports in France ", "TextSize": 10.0, "attributes": {"LineHeight": 12, "SpaceAfter": 5}}, {"Bounds": [31.19000244140625, 261.2100067138672, 174.02996826171875, 272.77000427246094], "Font": {"alt_family_name": "Helvetica", "embedded": false, "encoding": "WinAnsiEncoding", "family_name": "Helvetica", "font_type": "Type1", "italic": true, "monospaced": false, "name": "Helvetica-Oblique", "subset": false, "weight": 400}, "HasClip": false, "Lang": "en", "ObjectID": 90, "Page": 0, "Path": "//Document/Sect/P[2]", "Text": "Created By: Automated System ", "TextSize": 10.0, "attributes": {"LineHeight": 12, "SpaceAfter": 5}}, {"Bounds": [31.19000244140625, 244.1999969482422, 111.78997802734375, 255.75999450683594], "Font": {"alt_family_name": "Helvetica", "embedded": false, "encoding": "WinAnsiEncoding", "family_name": "Helvetica", "font_type": "Type1", "italic": true, "monospaced": false, "name": "Helvetica-Oblique", "subset": false, "weight": 400}, "HasClip": false, "Lang": "en", "ObjectID": 91, "Page": 0, "Path": "//Document/Sect/P[3]", "Text": "Date: 2025-02-27 ", "TextSize": 10.0, "attributes": {"LineHeight": 12, "SpaceAfter": 5}}, {"Bounds": [31.19000244140625, 227.19000244140625, 301.8800048828125, 238.75], "Font": {"alt_family_name": "Helvetica", "embedded": false, "encoding": "WinAnsiEncoding", "family_name": "Helvetica", "font_type": "Type1", "italic": true, "monospaced": false, "name": "Helvetica-Oblique", "subset": false, "weight": 400}, "HasClip": false, "Lang": "en", "ObjectID": 92, "Page": 0, "Path": "//Document/Sect/P[4]", "Text": "Document Code: 88C735E1D49AC083120C095D6B023F03 ", "TextSize": 10.0, "attributes": {"LineHeight": 12}}], "pages": [{"boxes": {"CropBox": [0.0, 0.0, 841.8900146484375, 595.280029296875], "MediaBox": [0.0, 0.0, 841.8900146484375, 595.280029296875]}, "height": 595.280029296875, "is_scanned": false, "page_number": 0, "rotation": 0, "width": 841.8900146484375}]}